System,3wrobotNI
Controller,LQR
dt,0.1
state_init,[-3.   -3.    1.57]
Nactor,6
pred_step_size_multiplier,5.0
buffer_size,25
run_obj_struct,quadratic
R1_diag,"[2.5, 2.5, 100.0, 3.0, 2.0]"
R2_diag,"[1, 10, 1, 0, 0]"
Ncritic,25
gamma,0.9
critic_period_multiplier,1.0
critic_struct,quad-mix
actor_struct,quad-nomix
t [s],x [m],y [m],alpha [rad],run_obj,accum_obj,v [m/s],omega [rad/s]
0.0001,-3.0,-3.0,1.57,291.796512,29.179651200000002,-0.22000000000000003,-0.284
0.0011,-3.0000001847690716,-3.0001999478407635,1.5697418854166667,291.71847277224265,58.35149847722427,-0.22000000000000003,-0.284
0.009625025278351216,-3.00000443277506,-3.0020754481330694,1.567320778237615,290.98716317191975,87.45021479441624,-0.22000000000000003,-0.284
0.059625025278351215,-3.0001207606633944,-3.0130747405936202,1.553120778237615,286.72328710675856,116.1225435050921,-0.22000000000000003,-0.284
0.10962502527835122,-3.0003932615277176,-3.0240712723236376,1.538920778237615,293.64970883776795,145.4875143888689,1.75952394616686,-1.040625330614331
0.1596250252783512,-2.99589232799697,-2.945180659464209,1.4903376740208962,277.6878638640205,173.25630077527097,1.75952394616686,-1.040625330614331
0.2096250252783512,-2.9865438687566126,-2.857712541702261,1.4383064074901797,261.0410210190921,199.36040287718018,1.75952394616686,-1.040625330614331
0.2596250252783512,-2.972659037242118,-2.7708489891108505,1.3862751409594631,244.3098971777861,223.79139259495878,1.7433561483427016,-0.9301569419432993
0.3096250252783512,-2.954622593611801,-2.6854988228397727,1.3392638571951776,230.06527026750186,246.79791962170896,1.7433561483427016,-0.9301569419432993
0.35962502527835116,-2.9326549123984353,-2.601152642350257,1.2927560100980127,216.38621577768785,268.43654119947774,1.7433561483427016,-0.9301569419432993
0.40962502527835115,-2.906789639452055,-2.517918966254152,1.2462481630008477,202.3903839326611,288.6755795927439,1.7048031660158394,-0.8320214024197269
0.45962502527835114,-2.8778435063636474,-2.4375626954658136,1.2041998606033868,190.67254901407844,307.74283449415174,1.7048031660158394,-0.8320214024197269
0.5096250252783512,-2.8456438361253773,-2.3586449028408674,1.1625987904824004,178.8725532449604,325.6300898186478,1.6689825950324693,-0.7746654842070616
0.5596250252783512,-2.810958546864691,-2.2825716047559563,1.1236041286239427,168.58439842605898,342.48852966125366,1.6689825950324693,-0.7746654842070616
0.6096250252783513,-2.7734241748629542,-2.2080460548153638,1.0848708544135894,158.0928285429588,358.29781251554954,1.6266598268705075,-0.7217729232724839
0.6596250252783513,-2.7340427485281698,-2.1366675032765086,1.0485411614227893,149.0246800282303,373.20028051837255,1.6266598268705075,-0.7217729232724839
0.7096250252783514,-2.692207910233623,-2.0669238019967286,1.012452515259165,139.6914721250475,387.1694277308773,1.579054103681182,-0.6726192773652269
0.7596250252783514,-2.6491322273647837,-2.000502656484101,0.9785975438900242,131.70016535403917,400.33944426628125,1.579054103681182,-0.6726192773652269
0.8096250252783515,-2.6039687324218463,-1.935747727168079,0.9449665800217628,123.39942908226887,412.6793871745081,1.5273237787301108,-0.626761722896103
0.8596250252783515,-2.5581222906135195,-1.874383958912577,0.9134195076261218,116.3605961788997,424.3154467923981,1.5273237787301108,-0.626761722896103
0.9096250252783515,-2.5105198079799274,-1.814673648216198,0.8820814214813166,108.98296262098653,435.2137430544968,1.472533003401184,-0.5838507861366382
0.9596250252783516,-2.462733908255657,-1.7583366238393408,0.8526933245199819,102.78742935137308,445.4924859896341,1.472533003401184,-0.5838507861366382
1.0096250252783516,-2.413488363929086,-1.703606604516035,0.82350078521315,96.2364658876056,455.1161325783946,1.4156368151196324,-0.5436105782371243
1.0596250252783517,-2.3644955691286498,-1.6521648078236097,0.7961368699371684,90.78771888744355,464.194904467139,1.4156368151196324,-0.5436105782371243
1.1096250252783517,-2.314304276891798,-1.6022589491833858,0.7689563410253121,84.97740385371957,472.69264485251097,1.3574744421139835,-0.5058224810855856
1.1596250252783518,-2.2647374990792155,-1.5555064348095153,0.7434930055907849,80.18969880513653,480.71161473302465,1.3574744421139835,-0.5058224810855856
1.2096250252783518,-2.214199461654993,-1.5102018724496897,0.7182018815365057,75.04265471118163,488.2158802041428,1.2987689447291686,-0.470311467373304
1.2596250252783519,-2.1645951879128797,-1.467881027429301,0.6945244741209746,70.83958017892229,495.2998382220351,1.2987689447291686,-0.470311467373304
1.309625025278352,-2.114215148589643,-1.4269095831832628,0.6710089007523095,66.28583866206205,501.9284220882413,1.2401314855749093,-0.436934912699639
1.359625025278352,-2.065019511128198,-1.388730110223905,0.6490100484228511,62.59919908675414,508.18834199691673,1.2401314855749093,-0.436934912699639
1.409625025278352,-2.01521453200093,-1.351796028549418,0.6271633027878691,58.575325724548364,514.0458745693716,1.1820687511471912,-0.4055736732575351
1.459625025278352,-1.9667911493910013,-1.3174503049749668,0.6067416968098265,55.344245099465525,519.5802990793181,1.1820687511471912,-0.4055736732575351
1.509625025278352,-1.9178987096727242,-1.2842444927883652,0.5864630131469497,51.79269834146968,524.7595689134652,1.124992304647103,-0.37612515299450955
1.5596250252783521,-1.8705374478065322,-1.2534196150011643,0.5675225500012339,48.96287548125679,529.6558564615908,1.124992304647103,-0.37612515299450955
1.6096250252783522,-1.8228242713944303,-1.223630711721684,0.5487162923515083,45.83151122267993,534.2390075838588,1.0692289064251215,-0.34849806516197107
1.6596250252783522,-1.7767502792474672,-1.1960176221894558,0.5311654843962562,43.354579615723594,538.5744655454312,1.0692289064251215,-0.34849806516197107
1.7096250252783523,-1.7304212994574057,-1.1693403012763801,0.5137405811381577,40.59624187607447,542.6340897330386,1.015031076221751,-0.32260859695390237
1.7596250252783523,-1.685803856032957,-1.1446404295529684,0.4974921654327435,38.42920322239779,546.4770100552785,1.015031076221751,-0.32260859695390237
1.8096250252783523,-1.641010898165672,-1.1207813580705002,0.48136173558504836,36.00136299707341,550.0771463549858,0.9625873791151175,-0.29837770525888824
1.8596250252783524,-1.5979717585594437,-1.0987112041645755,0.46633242308130635,34.10607490725033,553.4877538457108,0.9625873791151175,-0.29837770525888824
1.9096250252783524,-1.5548216639062284,-1.077393077532262,0.4514135378183619,31.970494730713582,556.6848033187822,0.9120320898836091,-0.27572930026186593
1.9596250252783525,-1.513442713569424,-1.0576871379385753,0.4375238574179124,30.31320079650585,559.7161233984328,0.9120320898836091,-0.27572930026186593
2.0096250252783525,-1.472004741528138,-1.0386511754281922,0.42373739240481906,28.43561313206933,562.5596847116398,0.8634540279117464,-0.2545891068619173
2.0596250252783523,-1.4323348605091684,-1.0210635697152934,0.4109115950345099,26.986508610070956,565.2583355726468,0.8634540279117464,-0.2545891068619173
2.109625025278352,-1.3926472910220176,-1.0040708122680957,0.3981821396914141,25.59025312163903,567.8173608848108,0.8634540279117464,-0.2545891068619173
2.159625025278352,-1.3527466342537557,-0.9875846190471586,0.38545268434831825,23.860626678649894,570.2034235526758,0.7934993653522413,-0.22495407577522525
2.209625025278352,-1.315602125521918,-0.9727598407595099,0.3740699250793442,22.675639936926256,572.4709875463684,0.7934993653522413,-0.22495407577522525
2.2596250252783516,-1.2785900131272288,-0.958470332437086,0.362822221290583,21.53777332665914,574.6247648790343,0.7934993653522413,-0.22495407577522525
2.3096250252783515,-1.2414195211565537,-0.9445980204930836,0.3515745175018218,20.113455775520514,576.6361104565864,0.7281954786116809,-0.1983885771347564
2.3596250252783513,-1.2068943099577434,-0.9321307368878365,0.34153402191950893,19.14772479828675,578.5508829364151,0.7281954786116809,-0.1983885771347564
2.409625025278351,-1.172527572695024,-0.9201062561229795,0.33161459306277113,18.219886931722147,580.3728716295873,0.7281954786116809,-0.1983885771347564
2.459625025278351,-1.1380432521517128,-0.9084232597429677,0.32169516420603333,17.04763510998602,582.0776351405859,0.6675543386473212,-0.17468929698974475
2.5096250252783507,-1.1060687674664176,-0.89792451548821,0.3128526948246353,16.259741336708313,583.7036092742568,0.6675543386473212,-0.17468929698974475
2.5596250252783506,-1.0742667634346463,-0.887790540729787,0.3041182299751481,15.50226167450193,585.253835441707,0.6675543386473212,-0.17468929698974475
2.6096250252783504,-1.0423774587757009,-0.8779347224882552,0.2953837651256609,14.537207250274886,586.7075561667344,0.611435224868195,-0.1536081359813337
2.65962502527835,-1.0128503194357263,-0.8690758292376617,0.2876072853272069,13.893441495202177,588.0969003162546,0.611435224868195,-0.1536081359813337
2.70962502527835,-0.9835012694327231,-0.8605165503508901,0.27992687852814024,13.274064454767935,589.4243067617314,0.611435224868195,-0.1536081359813337
2.75962502527835,-0.954087346958411,-0.8521829343400895,0.27224647172907357,12.47905685493713,590.6722124472251,0.5596419745161574,-0.13490598783340338
2.8096250252783497,-0.9268826870865556,-0.8446884452157837,0.2654159411935001,11.952084066745423,591.8674208538996,0.5596419745161574,-0.13490598783340338
2.8596250252783495,-0.8998558737185841,-0.8374395667182207,0.25867064180182997,11.444660816472298,593.0118869355468,0.5596419745161574,-0.13490598783340338
2.9096250252783493,-0.8727807797107006,-0.8303731556939552,0.25192534241015985,10.789080548253677,594.0907949903722,0.5119447448052564,-0.11835497535170007
2.959625025278349,-0.8477618088324206,-0.8240136287381598,0.2459321658513171,10.356787447766752,595.1264737351488,0.5119447448052564,-0.11835497535170007
3.009625025278349,-0.8229164774615797,-0.8178552075705948,0.2400144170837321,9.940166779956819,596.1204904131445,0.5119447448052564,-0.11835497535170007
3.059625025278349,-0.7980351373515567,-0.8118439218068533,0.23409666831614712,9.398866596649063,597.0603770728094,0.4680957768668256,-0.10374013557742484
3.1096250252783486,-0.7750600063576656,-0.8064290749101696,0.2288430574497629,9.043394160505507,597.96471648886,0.4680957768668256,-0.10374013557742484
3.1596250252783484,-0.7522517243627921,-0.8011788191958893,0.2236560506708917,8.700493293428249,598.8347658182028,0.4680957768668256,-0.10374013557742484
3.2096250252783483,-0.7294165162062297,-0.7960469402934337,0.2184690438920205,8.25287449161933,599.6600532673647,0.42784066397614345,-0.09086064410101882
3.259625025278348,-0.7083431352826033,-0.7914194488146457,0.21386731608779325,7.959813956767317,600.4560346630414,0.42784066397614345,-0.09086064410101882
3.309625025278348,-0.6874282263885508,-0.7869266898337074,0.20932428388274232,7.676847750870698,601.2237194381285,0.42784066397614345,-0.09086064410101882
3.3596250252783477,-0.6664931226484805,-0.7825289939938603,0.2047812516776914,7.306068005307729,601.9543262386592,0.39092621359001023,-0.07953054626101108
3.4096250252783475,-0.6471824484827675,-0.7785590327742603,0.20075308980417209,7.063798658431169,602.6607061045023,0.39092621359001023,-0.07953054626101108
3.4596250252783474,-0.628020993413069,-0.7746994476486525,0.19677656249112155,6.829645689461507,603.3436706734485,0.39092621359001023,-0.07953054626101108
3.509625025278347,-0.6088443421357862,-0.7709160888870003,0.192800035178071,6.5219490579539015,603.9958655792439,0.35710577139337474,-0.06957903046542895
3.559625025278347,-0.5911625381419295,-0.7674966287471462,0.18927573169479367,6.321096893809949,604.6279752686248,0.35710577139337474,-0.06957903046542895
3.609625025278347,-0.5736203231525755,-0.7641677097599967,0.18579678017152224,6.126781840492645,605.2406534526741,0.35710577139337474,-0.06957903046542895
3.6596250252783467,-0.5560666331963181,-0.760899839310406,0.1823178286482508,5.870938397653159,605.8277472924394,0.32614268211010544,-0.06085031235630602
3.7096250252783465,-0.5398864115201926,-0.75794265580358,0.17923553371613613,5.703936340037294,606.3981409264431,0.32614268211010544,-0.06085031235630602
3.7596250252783463,-0.523836115511485,-0.755059876652673,0.17619301809832083,5.542209864081441,606.9523619128513,0.32614268211010544,-0.06085031235630602
3.809625025278346,-0.5077771229036655,-0.7522259440454931,0.17315050248050554,5.329051186939836,607.4852670315453,0.29781240140356474,-0.05320321008530531
3.859625025278346,-0.4929785006070561,-0.7496582697248336,0.1704554919007865,5.189783622898977,608.0042453938352,0.29781240140356474,-0.05320321008530531
3.9096250252783458,-0.4783003389477957,-0.7471518767740912,0.16779533139652122,5.054783019274432,608.5097236957627,0.29781240140356474,-0.05320321008530531
3.9596250252783456,-0.4636155618234998,-0.7446845389114003,0.16513517089225596,4.876819823444454,608.9974056781072,0.27190364495803626,-0.046510489742033534
4.009625025278345,-0.4500862039295804,-0.7424462800944872,0.16277914572650656,4.760336430566316,609.4734393211638,0.27190364495803626,-0.046510489742033534
4.059625025278345,-0.43666819066927026,-0.7402586290248302,0.1604536212394049,4.647312551090565,609.9381705762729,0.27190364495803626,-0.046510489742033534
4.109625025278345,-0.4232451262601358,-0.7381021877609288,0.15812809675230324,4.49842165269857,610.3880127415428,0.24821886099300075,-0.04065805202500423
4.159625025278345,-0.41088040259950387,-0.7361436262250741,0.15606852288541553,4.400707705990801,610.8280835121418,0.24821886099300075,-0.04065805202500423
4.209625025278345,-0.39861834965605536,-0.7342269854275718,0.15403562028416534,4.3058058319111225,611.258664095333,0.24821886099300075,-0.04065805202500423
4.2596250252783445,-0.386352425708869,-0.7323352761326679,0.15200271768291515,4.1809749104378975,611.6767615863768,0.22657423623021564,-0.03554402038448852
4.309625025278344,-0.37505527400334926,-0.7306151810361624,0.15020221052991234,4.098767316442893,612.0866383180211,0.22657423623021564,-0.03554402038448852
4.359625025278344,-0.3638526135088186,-0.728929928718831,0.14842500951068793,4.018851666512977,612.4885234846723,0.22657423623021564,-0.03554402038448852
4.409625025278344,-0.35264697567520875,-0.7272645884320544,0.14664780849146353,3.913971768485827,612.8799206615209,0.2067993879812732,-0.031077779379734924
4.459625025278344,-0.3423276375848993,-0.7257486712751253,0.1450735655595645,3.8446119230473346,613.2643818538256,0.2067993879812732,-0.031077779379734924
4.509625025278344,-0.3320951294771173,-0.7242618210859891,0.14351967659057777,3.777125275480084,613.6420943813737,0.2067993879812732,-0.031077779379734924
4.5596250252783435,-0.3218603233237134,-0.7227908728669802,0.14196578762159104,3.68882246410739,614.0109766277844,0.18873685236676196,-0.027179001149237818
4.609625025278343,-0.3124360012021063,-0.7214505267845354,0.14058906969458912,3.630138639901998,614.3739904917746,0.18873685236676196,-0.027179001149237818
4.659625025278343,-0.30309137039498213,-0.7201345252735848,0.13923011963712723,3.5729900991950543,614.7312895016942,0.18873685236676196,-0.027179001149237818
4.709625025278343,-0.2937449598366545,-0.7188312238604575,0.13787116957966533,3.4984890249459606,615.0811384041888,0.17224144723772766,-0.02377668831475452
4.759625025278343,-0.2851394280332799,-0.7176424969828112,0.13666682983199963,3.448702365124124,615.4260086407012,0.17224144723772766,-0.02377668831475452
4.809625025278343,-0.2766069625099413,-0.7164742445596916,0.1354779954162619,3.4001776215208346,615.7660264028533,0.17224144723772766,-0.02377668831475452
4.859625025278342,-0.26807311415782537,-0.7153161366484091,0.13428916100052418,3.3371910150698496,616.0997455043603,0.1571795653656292,-0.020808253555922154
4.909625025278342,-0.2602163085848052,-0.7142588971358294,0.1332352202997386,3.2948403554476515,616.429229539905,0.1571795653656292,-0.020808253555922154
4.959625025278342,-0.2524264403136618,-0.7132189518641056,0.1321948076219425,3.253529883026818,616.7545825282077,0.1571795653656292,-0.020808253555922154
5.009625025278342,-0.244635494286573,-0.7121871118314761,0.13115439494414638,3.2001690374000824,617.0745994319477,0.14342843673752098,-0.0182186495029694
5.059625025278342,-0.23746309663617612,-0.711244369227825,0.13023166088802743,3.16405072509557,617.3910045044573,0.14342843673752098,-0.0182186495029694
5.1096250252783415,-0.23035198037980012,-0.7103162996213835,0.12932072841287895,3.128792268429868,617.7038837313003,0.14342843673752098,-0.0182186495029694
5.159625025278341,-0.22324002166519205,-0.7093947081458338,0.12840979593773047,3.0834944827918886,618.0122331795794,0.1308753866921507,-0.015959557379521157
5.209625025278341,-0.21669304938573997,-0.708552061822127,0.127601522727046,3.0526141306062393,618.3174945926401,0.1308753866921507,-0.015959557379521157
5.259625025278341,-0.21020214955750105,-0.7077219207184188,0.12680354485806994,3.0224465661861206,618.6197392492587,0.1308753866921507,-0.015959557379521157
5.309625025278341,-0.20371058936170428,-0.7068969594728775,0.12600556698909388,2.9839162810755284,618.9181308773663,0.11941710792351908,-0.013988638810547177
5.359625025278341,-0.19773499871513114,-0.7061421501586079,0.12529715299779645,2.9574500208300547,619.2138758794492,0.11941710792351908,-0.013988638810547177
5.40962502527834,-0.19181069091996925,-0.7053980467673812,0.1245977210572691,2.9315762741285813,619.5070335068621,0.11941710792351908,-0.013988638810547177
5.45962502527834,-0.18588586412427147,-0.7046580872079236,0.12389828911674175,2.898737253624763,619.7969072322245,0.10895895814267423,-0.012268852201554485
5.50962502527834,-0.18043217095166642,-0.7039806320043833,0.12327700893748242,2.8760005527835664,620.0845072875029,0.10895895814267423,-0.012268852201554485
5.55962502527834,-0.17502536234304342,-0.7033123834444794,0.1226635663274047,2.85375772898723,620.3698830604017,0.10895895814267423,-0.012268852201554485
5.60962502527834,-0.16961814481962836,-0.7026474517768875,0.12205012371732699,2.825714157359764,620.6524544761377,0.09941429074935865,-0.010767832910410564
5.6596250252783395,-0.164641065731645,-0.702038346704273,0.12150489148909942,2.8061366635658516,620.9330681424942,0.09941429074935865,-0.010767832910410564
5.709625025278339,-0.15970683654674186,-0.7014371938393444,0.12096649984357889,2.7869719308598784,621.2117653355803,0.09941429074935865,-0.010767832910410564
5.759625025278339,-0.15477228442130575,-0.7008386976091845,0.12042810819805837,2.762976707384095,621.4880630063186,0.09070382272699068,-0.009457334906899768
5.809625025278339,-0.1502303997898894,-0.7002901747565506,0.1199492691310828,2.7460819039510196,621.7626711967138,0.09070382272699068,-0.009457334906899768
5.859625025278339,-0.14572766718551405,-0.6997485500216429,0.11947640238573781,2.7295329710446334,622.0356244938182,0.09070382272699068,-0.009457334906899768
5.909625025278339,-0.14122467896823482,-0.699209054539722,0.11900353564039283,2.7089618230397035,622.3065206761222,0.0827550417760349,-0.008312730603922876
5.9596250252783385,-0.13708011816582302,-0.6987143833595003,0.1185826828145451,2.6943505309222546,622.5759557292145,0.0827550417760349,-0.008312730603922876
6.009625025278338,-0.13297132262003244,-0.6982257206283674,0.11816704628434896,2.6800298005208028,622.8439587092665,0.0827550417760349,-0.008312730603922876
6.059625025278338,-0.12886232432307057,-0.6977387657049184,0.11775140975415281,2.6623601055126302,623.1101947198177,0.07550165317951865,-0.0073125649279745545
6.109625025278338,-0.12508047302004585,-0.6972920900094587,0.1173812234610538,2.6496970670332507,623.3751644265211,0.07550165317951865,-0.0073125649279745545
6.159625025278338,-0.12133128698168857,-0.6968506684726893,0.11701559521465507,2.63727873683284,623.6388923002044,0.07550165317951865,-0.0073125649279745545
6.209625025278338,-0.1175819397977556,-0.6964106177737115,0.11664996696825634,2.622072162235042,623.9010995164278,0.0688830658598994,-0.006438159376762939
6.259625025278337,-0.11413116870504118,-0.6960068216277301,0.11632407407828638,2.6110750996519476,624.162207026393,0.0688830658598994,-0.006438159376762939
6.309625025278337,-0.1107102267874799,-0.69560763720934,0.11600216610944823,2.600284632435741,624.4222354896366,0.0688830658598994,-0.006438159376762939
6.359625025278337,-0.10728915654652262,-0.6952095540400779,0.11568025814061009,2.5871728754831196,624.6809527771849,0.06284391640082393,-0.005673261709521851
6.409625025278337,-0.10414057071746538,-0.6948441510669849,0.11539310919336923,2.57760354206731,624.9387131313916,0.06284391640082393,-0.005673261709521851
6.459625025278337,-0.10101922048735762,-0.6944828101666076,0.11510944610789314,2.5682090449211805,625.1955340358837,0.06284391640082393,-0.005673261709521851
6.5096250252783365,-0.09789776788375584,-0.6941223546925932,0.11482578302241706,2.55688209521044,625.4512222454048,0.05733362937082781,-0.005003736968296998
6.559625025278336,-0.09502497552420859,-0.6937913963812391,0.1145725449544784,2.5485389348374023,625.7060761388885,0.05733362937082781,-0.005003736968296998
6.609625025278336,-0.09217704779071652,-0.693464027744959,0.11432235810606355,2.5403440810200766,625.9601105469906,0.05733362937082781,-0.005003736968296998
6.659625025278336,-0.08932903824302875,-0.6931373716329811,0.1140721712576487,2.530540539797456,626.2131646009703,0.05230601202660517,-0.004417295687744696
6.709625025278336,-0.08670793788930807,-0.6928373710919538,0.11384863388930061,2.523252648717333,626.4654898658421,0.05230601202660517,-0.004417295687744696
6.759625025278336,-0.08410953532406876,-0.6925405524327161,0.11362776910491337,2.5160908496013246,626.7170989508022,0.05230601202660517,-0.004417295687744696
6.8096250252783355,-0.08151106726541747,-0.6922443076763357,0.11340690432052614,2.5075899294629527,626.9678579437485,0.047718881339034284,-0.0039032553796474394
6.859625025278335,-0.07911965215380266,-0.691972175974964,0.11320939891993134,2.501212075296242,627.2179791512782,0.047718881339034284,-0.0039032553796474394
6.909625025278335,-0.07674895504617793,-0.6917028726210064,0.11301423615094897,2.494941668224191,627.4674733181006,0.047718881339034284,-0.0039032553796474394
6.959625025278335,-0.07437820542571344,-0.6914340319439864,0.11281907338196659,2.487556568650339,627.7162289749656,0.043533721238032154,-0.003452331648489049
7.009625025278335,-0.07219638387793578,-0.6911870247350441,0.11264440180857983,2.481965070241225,627.9644254819897,0.043533721238032154,-0.003452331648489049
7.059625025278335,-0.0700334718381447,-0.6909425381128356,0.11247178522615538,2.4764653344167358,628.2120720154313,0.043533721238032154,-0.003452331648489049
7.109625025278334,-0.06787051762813226,-0.690698424848752,0.11229916864373092,2.4700377461405862,628.4590757900454,0.039715367985365624,-0.003056455585404705
7.159625025278334,-0.0658799483030325,-0.6904740974139852,0.11214454174177736,2.4651270564216246,628.7055884956876,0.039715367985365624,-0.003056455585404705
7.209625025278334,-0.06390663675669693,-0.6902520215959485,0.11199171896250713,2.460294905668963,628.9516179862545,0.039715367985365624,-0.003056455585404705
7.259625025278334,-0.061933291295160925,-0.6900302473474587,0.1118388961832369,2.4546904431534693,629.1970870305698,0.0362317216381779,-0.002708614384707196
7.309625025278334,-0.06011723219884113,-0.6898264165649742,0.11170188025019628,2.4503703077805956,629.4421240613478,0.0362317216381779,-0.002708614384707196
7.3596250252783335,-0.05831692256229688,-0.6896246014522701,0.11156644953096093,2.446117538200163,629.6867358151678,0.0362317216381779,-0.002708614384707196
7.409625025278333,-0.05651658561029702,-0.689423030158645,0.11143101881172557,2.4412219367480796,629.9308580088426,0.03305348164610866,-0.002402712419508071
7.459625025278333,-0.05485975580954391,-0.6892377421783193,0.11130948910627335,2.4374150256370646,630.1745995114063,0.03305348164610866,-0.002402712419508071
7.509625025278333,-0.053217298290287755,-0.6890542621617562,0.11118935348529795,2.433666019450084,630.4179661133513,0.03305348164610866,-0.002402712419508071
7.559625025278333,-0.05157481874039837,-0.6888709794641706,0.11106921786432254,2.4293819635194613,630.6609043097033,0.03015390472138796,-0.0021334502935984067
7.609625025278333,-0.05006327178254258,-0.6887024821076148,0.11096131824360006,2.4260218918728045,630.9035064988906,0.03015390472138796,-0.0021334502935984067
7.6596250252783324,-0.048564839809335555,-0.6885356092686573,0.11085464572892013,2.4227116973402576,631.1457776686246,0.03015390472138796,-0.0021334502935984067
7.709625025278332,-0.04706639004390855,-0.6883688962721556,0.11074797321424021,2.4189561709243796,631.387673285717,0.027508583226965536,-0.0018962196511872523
7.759625025278332,-0.04568739814751186,-0.6882156153587032,0.1106520811024511,2.415985841914357,631.6292718699085,0.027508583226965536,-0.0018962196511872523
7.809625025278332,-0.04432037349706677,-0.6880637964483345,0.11055727011989173,2.413058564112202,631.8705777263198,0.027508583226965536,-0.0018962196511872523
7.859625025278332,-0.042953334458665816,-0.6879121071475982,0.11046245913733237,2.409760633716525,632.1115537896915,0.025095242437496643,-0.0016870117716740727
7.909625025278332,-0.041695282601324796,-0.6877726260963463,0.11037715512742276,2.4071308474954125,632.352266874441,0.025095242437496643,-0.0016870117716740727
7.959625025278331,-0.040448150351161054,-0.6876344626707959,0.11029280453883905,2.404538296699142,632.592720704111,0.025095242437496643,-0.0016870117716740727
8.009625025278332,-0.03920100645126772,-0.6874964044420762,0.11020845395025534,2.401637253420248,632.832884429453,0.02289355513827558,-0.0015023382020955673
8.059625025278333,-0.038053295541888056,-0.6873694466194805,0.11013249542883087,2.399305537197823,633.0728149831727,0.02289355513827558,-0.0015023382020955673
8.109625025278334,-0.036915548040457095,-0.6872436778254787,0.11005737851872609,2.3968266533424214,633.312497648507,0.021552554851771568,-0.0013933491211287124
8.159625025278334,-0.03583836162848633,-0.6871246828270751,0.1099872143676392,2.3946779479268208,633.5519654432997,0.021552554851771568,-0.0013933491211287124
8.209625025278335,-0.03476724133046702,-0.6870064336905121,0.10991754691158276,2.3923918571815594,633.7912046290178,0.020292027471253152,-0.001292987656610056
8.259625025278336,-0.03375304935688458,-0.6868945385269285,0.10985244015228635,2.390402942009534,634.0302449232188,0.020292027471253152,-0.001292987656610056
8.309625025278336,-0.032744560115370205,-0.6867833387219534,0.10978779076945584,2.3882927102924745,634.269074194248,0.019105210201424135,-0.001200314566131046
8.359625025278337,-0.031789671580643386,-0.6866781096183644,0.10972735270284632,2.38645062541876,634.5077192567899,0.019105210201424135,-0.001200314566131046
8.409625025278338,-0.030840152876649266,-0.68657353011467,0.10966733697453977,2.384501464987096,634.7461694032886,0.01798778968752173,-0.0011147053210682312
8.459625025278338,-0.029941101818739366,-0.6864745619657959,0.10961121156218724,2.3827944213931187,634.9844488454279,0.01798778968752173,-0.0011147053210682312
8.50962502527834,-0.029047107096127633,-0.6863762009962029,0.10955547629613382,2.380992897683302,635.2225481351962,0.016935710138586836,-0.0010355893849441178
8.55962502527834,-0.028200629920115145,-0.686283114339395,0.10950333627249022,2.3794101365932265,635.4604891488556,0.016935710138586836,-0.0010355893849441178
8.60962502527834,-0.027358913840974372,-0.6861905954942807,0.109451556803243,2.3777440337121774,635.6982635522268,0.015945152550175465,-0.0009624445167943204
8.659625025278341,-0.026561937507683972,-0.6861030347530392,0.10940310123490521,2.3762757293036634,635.9358911251571,0.015945152550175465,-0.0009624445167943204
8.709625025278342,-0.02576944423264343,-0.6860160052550872,0.10935497900906549,2.3747339313715115,636.1733645182943,0.015012520899439559,-0.0008947925483400835
8.759625025278343,-0.025019075157999726,-0.6859336371219682,0.10930993107189642,2.3733711033957863,636.4107016286339,0.015012520899439559,-0.0008947925483400835
8.809625025278343,-0.024272927306028712,-0.6858517662340082,0.10926519144447941,2.371943488117161,636.6478959774456,0.014134429155714471,-0.0008321955397142184
8.859625025278344,-0.023566440903682758,-0.6857742781772598,0.10922329639466793,2.370677923259276,636.8849637697715,0.014134429155714471,-0.0008321955397142184
8.909625025278345,-0.022863929151756182,-0.6856972557310004,0.10918168661768222,2.3693552663976143,637.1218992964112,0.01330768904380649,-0.0007742522760320436
8.959625025278346,-0.022198759982113868,-0.6856243546137581,0.1091427099395279,2.368179447451316,637.3587172411563,0.01330768904380649,-0.0007742522760320436
9.009625025278346,-0.021537333268118554,-0.6855518896486046,0.1091039973257263,2.366953337036394,637.59541257486,0.012529298516875599,-0.0007205950746126077
9.059625025278347,-0.0209110657590178,-0.6854833004506775,0.10906772304047878,2.3658603790717865,637.8319986127672,0.012529298516875599,-0.0007205950746126077
9.109625025278348,-0.020288322053306683,-0.6854151199529733,0.10903169328674815,2.364723138301481,638.0684709265973,0.011796430898241032,-0.000670886875287419
9.159625025278348,-0.019698681759523863,-0.6853505845862919,0.10899792240822123,2.3637067310946596,638.3048415997068,0.011796430898241032,-0.000670886875287419
9.20962502527835,-0.019112359372452686,-0.6852864323203227,0.10896437806445686,2.362651349007436,638.5411067346075,0.011106424653701043,-0.000624818588632657
9.25962502527835,-0.01855720474305295,-0.6852257085300454,0.10893292718840636,2.361705705081712,638.7772773051157,0.011106424653701043,-0.000624818588632657
9.30962502527835,-0.01800517413766243,-0.6851653439530325,0.10890168625897473,2.3607257741784853,639.0133498825336,0.010456773758105884,-0.0005821066791589998
9.359625025278351,-0.01748248876194769,-0.6851082042971146,0.10887238627438767,2.3598455818779254,639.2493344407213,0.010456773758105884,-0.0005821066791589998
9.409625025278352,-0.016962744842687213,-0.6850514015512039,0.10884328094042972,2.358935241962328,639.4852279649176,0.009845118621959031,-0.0005424909625093945
9.459625025278353,-0.016470630147143298,-0.6849976324519523,0.1088159758519289,2.358115623041247,639.7210395272217,0.009845118621959031,-0.0005424909625093945
9.509625025278353,-0.0159812849971738,-0.6849441794268968,0.10878885130380343,2.357269510627429,639.9567664782844,0.009269237545750488,-0.0005057325975609257
9.559625025278354,-0.015517953367378438,-0.6848935802886666,0.10876339715533513,2.356505981895226,640.1924170764739,0.009269237545750488,-0.0005057325975609257
9.609625025278355,-0.015057229408546261,-0.6848432777495116,0.10873811052545708,2.3557191846032066,640.4279889949343,0.008727038671552313,-0.0004716122560152967
9.659625025278356,-0.014620997711476116,-0.6847956601372635,0.10871437441630813,2.3550076232133605,640.6634897572555,0.008727038671552313,-0.0004716122560152967
9.709625025278356,-0.014187221262520202,-0.6847483209118863,0.10869079380350737,2.354275638634923,640.898917321119,0.008216552403134746,-0.0004399284536077005
9.759625025278357,-0.013776504746091699,-0.6847035077858226,0.1086686529884983,2.353612250650808,641.1342785461841,0.008216552403134746,-0.0004399284536077005
9.809625025278358,-0.013368099956037134,-0.6846589560076612,0.10864665656581791,2.352930949224713,641.3695716411065,0.0077359242674957945,-0.0004104960284748223
9.859625025278358,-0.012981406504036404,-0.6846167810096025,0.10862599763224838,2.352312241133852,641.6048028652199,0.0077359242674957945,-0.0004104960284748223
9.909625025278359,-0.012596889639042189,-0.6845748514113353,0.10860547283082464,2.3516778326187633,641.8399706484818,0.007283408192242756,-0.00038314475351230456
9.95962502527836,-0.012232814360847395,-0.684535158198895,0.10858619094541157,2.35110058550176,642.0750807070319,0.007283408192242756,-0.00038314475351230456
10.00962502527836,-0.011870788424018676,-0.6844956954532188,0.10856703370773595,2.350509588679285,642.3101316658998,0.006857360174724606,-0.0003577180707285076
10.059625025278361,-0.011528008559697154,-0.6844583370781858,0.10854903192738996,2.3499708347704567,642.5451287493769,0.006857360174724606,-0.0003577180707285076
10.109625025278362,-0.011187158224545916,-0.68442119518218,0.10853114602385354,2.3494200500498987,642.7800707543819,0.006456232320194089,-0.0003340719366756278
10.159625025278363,-0.010864428347022163,-0.6843860335098367,0.10851433466469008,2.348917051454058,643.0149624595273,0.006456232320194089,-0.0003340719366756278
10.209625025278363,-0.010543515186368847,-0.6843510752097082,0.1084976310678563,2.3484035360852835,643.2498028131358,0.006078567227581622,-0.0003120737690184831
10.259625025278364,-0.010239662683410975,-0.6843179803760915,0.10848192712733923,2.3479337654395365,643.4845961896798,0.006078567227581622,-0.0003120737690184831
10.309625025278365,-0.009937520676565989,-0.6842850766293689,0.1084663234388883,2.347454811071376,643.7193416707869,0.005722992702693611,-0.0002916014851941193
10.359625025278365,-0.00965144149633086,-0.6842539265337394,0.10845165006646013,2.3470159339625623,643.9540432641832,0.005722992702693611,-0.0002916014851941193
10.409625025278366,-0.009366972798382816,-0.6842229560062333,0.10843706999220042,2.3465690463117843,644.1887001688143,0.005388216779809379,-0.0002725426249292526
10.459625025278367,-0.009097627443196902,-0.6841936358362437,0.10842335600416889,2.3461589052796223,644.4233160593423,0.005388216779809379,-0.0002725426249292526
10.509625025278368,-0.008829798401166608,-0.6841644844313108,0.10840972887292243,2.3457417857000795,644.6578902379123,0.005073023033747071,-0.0002547935491235627
10.559625025278368,-0.008576208155103541,-0.6841368862185717,0.10839690830775099,2.3453583856734124,644.8924260764796,0.005073023033747071,-0.0002547935491235627
10.609625025278369,-0.008324045556602336,-0.6841094466364216,0.10838416863029482,2.344968914436942,645.1269229679233,0.004776266165503335,-0.00023825870828259561
10.65962502527837,-0.00808528893325205,-0.684083468840348,0.10837218034078831,2.3446104094659534,645.3613840088699,0.004776266165503335,-0.00023825870828259561
10.70962502527837,-0.007847876474112747,-0.6840576401653126,0.10836026740537419,2.344246630586126,645.5958086719285,0.0044968678455472475,-0.00022284997429808224
10.759625025278371,-0.007623085871723604,-0.6840331872833042,0.10834905468456431,2.343911311747263,645.8301998031031,0.0044968678455472475,-0.00022284997429808224
10.809625025278372,-0.007399560829854924,-0.6840088745971532,0.1083379121858494,2.3435714191945487,646.0645569450226,0.004233812799769393,-0.00020848602993375293
10.859625025278373,-0.007187919381772058,-0.6839858567993119,0.10832742242366876,2.3432577035572364,646.2988827153782,0.004233812799769393,-0.00020848602993375293
10.909625025278373,-0.006977469485225327,-0.683962970818848,0.10831699812217208,2.3429400287297444,646.5331767182512,0.003986145123954933,-0.0001950918108832996
10.959625025278374,-0.00677820809424788,-0.6839413036055755,0.10830718249026505,2.342646449285092,646.7674413631797,0.003986145123954933,-0.0001950918108832996
11.009625025278375,-0.0065800685721807035,-0.6839197603428757,0.10829742789972088,2.342349449612932,647.001676308141,0.0037529648134679767,-0.00018259799573107978
11.059625025278375,-0.006392463118120086,-0.6838993642238208,0.10828824106197465,2.34207464607452,647.2358837727485,0.0037529648134679767,-0.00018259799573107978
11.109625025278376,-0.006205913923997672,-0.6838790846676162,0.10827911116218811,2.341796894648305,647.4700634622133,0.003533424495606167,-0.00017094053956717017
11.159625025278377,-0.0060292826343406915,-0.6838598848605544,0.10827051100878192,2.34153960504405,647.7042174227176,0.003533424495606167,-0.00017094053956717017
11.209625025278378,-0.0058536458313339776,-0.6838407946773503,0.10826196398180356,2.3412797811691495,647.9383454008346,0.0033267263528118838,-0.00016006024739228633
11.259625025278378,-0.005687346805500704,-0.6838227208256834,0.10825391138476909,2.3410388341512047,648.1724492842498,0.0033267263528118838,-0.00016006024739228633
11.309625025278379,-0.005521984104623341,-0.6838047500793264,0.10824590837239947,2.340795714739324,648.4065288557236,0.0031321192256121228,-0.00014990238379644153
11.35962502527838,-0.005365412982861887,-0.6837877359869858,0.10823836696086253,2.3405700225461246,648.6405858579783,0.0031321192256121228,-0.00014990238379644153
11.40962502527838,-0.0052097234249375525,-0.6837708188754761,0.10823087184167271,2.3403424742646686,648.8746201054048,0.0029488958848054073,-0.00014041631571231375
11.459625025278381,-0.0050623111934185346,-0.6837548022581019,0.10822380779510807,2.340131026275639,649.1086332080324,0.0029488958848054073,-0.00014041631571231375
11.509625025278382,-0.0049157289664878145,-0.6837388768665369,0.10821678697932245,2.3399179983833114,649.3426250078708,0.0027763904630231733,-0.00013155518533278633
11.559625025278383,-0.00477693989065177,-0.6837237991178824,0.10821016883730018,2.3397198552125174,649.5765969933921,0.0027763904630231733,-0.00013155518533278633
11.609625025278383,-0.004638932274915776,-0.6837088071864954,0.10820359107803354,2.3395203730167173,649.8105490306938,0.0026139760363670488,-0.00012327561054398478
11.659625025278384,-0.00450826195358908,-0.6836946131590839,0.10819738956506915,2.339334661096921,650.0444824968034,0.0026139760363670488,-0.00012327561054398478
11.709625025278385,-0.004378327386446703,-0.6836804998654136,0.10819122578454195,2.339147819974905,650.2783972788009,0.002461062347364298,-0.00011553741046382526
11.759625025278385,-0.004255300919677053,-0.6836671376645387,0.10818541364878402,2.3389737265881205,650.5122946514597,0.002461062347364298,-0.00011553741046382526
11.809625025278386,-0.00413296717384597,-0.6836538514188338,0.10817963677826083,2.338798686519641,650.7461745201116,0.002317093660993336,-0.00010830335389240969
11.859625025278387,-0.004017137437818879,-0.6836412722090605,0.10817418864286048,2.3386354552344932,650.9800380656351,0.002317093660993336,-0.00010830335389240969
11.909625025278388,-0.0039019599059385273,-0.6836287644620828,0.10816877347516586,2.338471435798751,651.2138852092149,0.002181546746011355,-0.00010153892867737711
11.959625025278388,-0.0037929059287228474,-0.6836169222854598,0.10816366570127332,2.3383183622786756,651.4477170454428,0.002181546746011355,-0.00010153892867737711
12.009625025278389,-0.0036844660082221313,-0.6836051473479077,0.10815858875483945,2.3381646380730428,651.6815335092501,0.002053928974268472,-9.521213017691231e-05
12.05962502527839,-0.003581791440456877,-0.6835939989531598,0.10815379931526453,2.3380210662227836,651.9153356158724,0.002053928974268472,-9.521213017691231e-05
12.10962502527839,-0.0034796950128315497,-0.6835829138259852,0.10814903870875568,2.3378769626649025,652.149123312139,0.0019337765311189714,-8.929326716541699e-05
12.159625025278391,-0.0033830266878093576,-0.6835724185079978,0.10814454707141233,2.337742281085793,652.3828975402475,0.0019337765311189714,-8.929326716541699e-05
12.209625025278392,-0.0032869026867952877,-0.6835619827229388,0.10814008240805406,2.3376071705643637,652.6166582573039,0.001820652730441665,-8.375478367479383e-05
12.259625025278392,-0.0031958892647210684,-0.6835521021718978,0.10813586942838567,2.337480809291642,652.8504063382331,0.001820652730441665,-8.375478367479383e-05
12.309625025278393,-0.003105388328170999,-0.6835422776415929,0.10813168168920193,2.3373541076345674,653.0841417489966,0.0017141464281595661,-7.857109539895605e-05
12.359625025278394,-0.003019699019678772,-0.683532975801181,0.10812772951085259,2.3372355351324443,653.3178653025099,0.0017141464281595661,-7.857109539895605e-05
12.409625025278395,-0.002934492220252967,-0.6835237266782749,0.10812380095608264,2.337116698363992,653.5515769723463,0.0016138705285053034,-7.371843941134112e-05
12.459625025278395,-0.002853815584550613,-0.6835149696123665,0.10812009291914337,2.337005418756447,653.785277514222,0.0016138705285053034,-7.371843941134112e-05
12.509625025278396,-0.002773593234616947,-0.6835062621570517,0.1081164069971728,2.336893940117799,654.0189669082338,0.0015194605776142128,-6.917473605632509e-05
12.559625025278397,-0.002697636047898724,-0.6834980179243844,0.10811292755338855,2.3367894906350757,654.2526458572972,0.0015194605776142128,-6.917473605632509e-05
12.609625025278397,-0.0026221065743063862,-0.6834898203798637,0.10810946881658574,2.336684897845065,654.4863143470817,0.001430573439343096,-6.491946197652193e-05
12.659625025278398,-0.002550592764327422,-0.6834820589161976,0.10810620345096181,2.336586846467679,654.7199730317285,0.001430573439343096,-6.491946197652193e-05
12.709625025278399,-0.00247948164897139,-0.6834743413915815,0.10810295747786298,2.3364886992026985,654.9536219016487,0.0013468860485102926,-6.093353333002192e-05
12.7596250252784,-0.0024121512919179776,-0.6834670343988899,0.10809989263615707,2.336396642486414,655.1872615658973,0.0013468860485102926,-6.093353333002192e-05
12.8096250252784,-0.0023452000742496706,-0.6834597687590759,0.10809684595949057,2.336304530060456,655.4208920189034,0.0012680942370330453,-5.7199198334741004e-05
12.859625025278401,-0.0022818084502648278,-0.683452889601338,0.10809396898112007,2.336218091127169,655.6545138280161,0.0012680942370330453,-5.7199198334741004e-05
12.909625025278402,-0.002218773788128769,-0.6834460493634488,0.10809110902120334,2.3361316303547364,655.8881269910515,0.0011939116287021983,-5.369993835363626e-05
12.959625025278402,-0.0021590904920650443,-0.6834395729686452,0.10808840807713731,2.336050457035567,656.1217320367551,0.0011939116287021983,-5.369993835363626e-05
13.009625025278403,-0.0020997432774526826,-0.6834331332046256,0.10808572308021963,2.335969290261771,656.3553289657813,0.0011240685985829085,-5.042037680313891e-05
13.059625025278404,-0.0020435513816243257,-0.6834270359725598,0.10808318711546094,2.3358930533798663,656.5889182711193,0.0011240685985829085,-5.042037680313891e-05
13.109625025278405,-0.0019876759081352015,-0.6834209732175619,0.10808066609662079,2.3358168466635165,656.8224999557856,0.0010583112932642485,-4.7346195230371586e-05
13.159625025278405,-0.0019347711740302972,-0.6834152329331553,0.10807828477691721,2.3357452384451833,657.0560744796301,0.0010583112932642485,-4.7346195230371586e-05
13.209625025278406,-0.001882164353018167,-0.683409525099361,0.10807591746715568,2.3356736798819293,657.2896418476182,0.000996400708401119,-4.44640559620512e-05
13.259625025278407,-0.0018323544891088272,-0.6834041208510933,0.10807368112960831,2.3356064124857188,657.5232024888668,0.000996400708401119,-4.44640559620512e-05
13.309625025278407,-0.0017828251116668735,-0.6833987471466478,0.10807145792681021,2.33553921065951,657.7567564099328,0.0009381118201995783,-4.176153077920341e-05
13.359625025278408,-0.0017359290746227346,-0.6833936592498302,0.10806935753407575,2.3354760148137643,657.9903040114142,0.0009381118201995783,-4.176153077920341e-05
13.409625025278409,-0.0016892971167282052,-0.6833886001025782,0.10806726945753678,2.335412897365948,658.2238453011508,0.0008832327676922908,-3.9227035120691094e-05
13.45962502527841,-0.0016451444534958815,-0.6833838100271723,0.1080652965553448,2.3353535211061662,658.4573806532615,0.0008832327676922908,-3.9227035120691094e-05
13.50962502527841,-0.0016012404217910338,-0.683379047012909,0.10806333520358877,2.335294233412501,658.6909100766027,0.0008315640828349721,-3.6849767359938916e-05
13.559625025278411,-0.0015596706501504057,-0.6833745373156161,0.10806148188131821,2.335238440910602,658.9244339206938,0.0008315640828349721,-3.6849767359938916e-05
13.609625025278412,-0.0015183349659840277,-0.6833700530905827,0.10805963939295021,2.335182744857344,659.1579521951795,0.0007829179656281585,-3.461965274006925e-05
13.659625025278412,-0.001479196991331822,-0.6833658073509493,0.10805789824703044,2.3351303153356064,659.3914652267131,0.0007829179656281585,-3.461965274006925e-05
13.709625025278413,-0.001440279410824407,-0.6833615855883189,0.10805616726439343,2.335077988186589,659.6249730255317,0.0007371176016319526,-3.2527291587359654e-05
13.759625025278414,-0.0014034309770669675,-0.6833575883486178,0.10805453136431402,2.335028714909644,659.8584758970227,0.0007371176016319526,-3.2527291587359654e-05
13.809625025278415,-0.0013667900450933215,-0.6833536136787333,0.10805290499973465,2.334979548257007,660.0919738518484,0.0006939965193951996,-3.056391145578518e-05
13.859625025278415,-0.001332097217654228,-0.6833498503873948,0.10805136785646595,2.3349332375958247,660.325467175608,0.0006939965193951996,-3.056391145578518e-05
13.909625025278416,-0.0012975997537603625,-0.6833461083415342,0.10804983966089315,2.334887036387685,660.5589558792467,0.0006533979854653694,-2.8721322885696094e-05
13.959625025278417,-0.001264936432825112,-0.6833425652999168,0.10804839519753534,2.334843506950014,660.7924402299417,0.0006533979854653694,-2.8721322885696094e-05
14.009625025278417,-0.001232457047212172,-0.6833390422573778,0.10804695913139106,2.3348000885889366,661.0259202388006,0.0006151744347817988,-2.6991878485405656e-05
14.059625025278418,-0.0012017045094418661,-0.6833357065696775,0.10804560165588424,2.334759170411101,661.2593961558417,0.0006151744347817988,-2.6991878485405656e-05
14.109625025278419,-0.0011711251472589657,-0.6833323897079816,0.10804425206195997,2.3347183639177924,661.4928679922335,0.0005791869343833535,-2.536843507049325e-05
14.15962502527842,-0.0011421716143082876,-0.6833292492340949,0.1080429762417013,2.3346798977131837,661.7263359820048,0.0005791869343833535,-2.536843507049325e-05
14.20962502527842,-0.0011133811265988875,-0.6833261264821265,0.10804170781994778,2.334641542950277,661.9598001362998,0.0005453046784824959,-2.3844318617209528e-05
14.259625025278421,-0.0010861213588709557,-0.6833231697932913,0.1080405086581737,2.334605379410264,662.1932606742408,0.0005453046784824959,-2.3844318617209528e-05
14.309625025278422,-0.0010590150986141674,-0.6833202297871981,0.10803931644224285,2.334569326361523,662.426717606877,0.0005134045130715922,-2.2413291807088713e-05
14.359625025278422,-0.0010333500127764673,-0.6833174461242469,0.10803818925604594,2.3345353255048438,662.6601711394275,0.0005134045130715922,-2.2413291807088713e-05
14.409625025278423,-0.001007829454555779,-0.6833146781659362,0.10803706859145559,2.3345014336054906,662.893621282788,0.00048337048833450776,-2.1069523958632487e-05
14.459625025278424,-0.0009836657634276443,-0.683312057400007,0.10803600899131564,2.334469464172512,663.1270682292053,0.00048337048833450776,-2.1069523958632487e-05
14.509625025278424,-0.0009596381453453482,-0.6833094514180859,0.10803495551511771,2.334437601686774,663.360511989374,0.00045509343723748277,-1.9807563158929926e-05
14.559625025278425,-0.000936888018848693,-0.6833069840136456,0.10803395938583633,2.3344075405753038,663.5939527434315,0.00045509343723748277,-1.9807563158929926e-05
14.609625025278426,-0.0009142660053850638,-0.6833045305266592,0.10803296900767839,2.334377584017558,663.8273905018333,0.0004284705787683349,-1.862231042356779e-05
14.659625025278427,-0.000892846751326553,-0.6833022075067022,0.1080320324906148,2.334349315757151,664.060825433409,0.0004284705787683349,-1.862231042356779e-05
14.709625025278427,-0.0008715481159188888,-0.6832998975885334,0.10803110137509363,2.3343211493533835,664.2942575483444,0.0004034051443825307,-1.7508995727471557e-05
14.759625025278428,-0.0008513818794437456,-0.6832977105018265,0.10803022085160746,2.3342945656153264,664.5276870049059,0.0004034051443825307,-1.7508995727471557e-05
14.809625025278429,-0.0008313292056319908,-0.6832955357491314,0.10802934540182109,2.3342680808018716,664.7611138129861,0.00037980602629894214,-1.6463155762196393e-05
14.85962502527843,-0.000812342686257452,-0.6832934766393849,0.10802851747783522,2.3342430799422624,664.9945381209803,0.00037980602629894214,-1.6463155762196393e-05
14.90962502527843,-0.0007934630863105501,-0.6832914291409411,0.10802769432004711,2.334218174899046,665.2279599384702,0.00035758744636744906,-1.5480613287222904e-05
14.95962502527843,-0.0007755872715108272,-0.683289490517791,0.10802691581165011,2.3341946615325733,665.4613794046235,0.00035758744636744906,-1.5480613287222904e-05
15.009625025278432,-0.0007578121215114414,-0.683287562825648,0.10802614178098575,2.334171240748294,665.6947965286982,0.0003366686443052606,-1.4557457953230982e-05
15.059625025278432,-0.0007409820358861575,-0.6832857376373437,0.10802540970099998,2.3341491253505233,665.9282114412333,0.0003366686443052606,-1.4557457953230982e-05
15.109625025278433,-0.0007242467263111734,-0.6832839227396674,0.10802468182810232,2.334127099217438,666.161624151155,0.00031697358416917437,-1.3690028485844588e-05
15.159625025278434,-0.0007084011954258516,-0.6832822043473635,0.10802399337354894,2.3341062977535625,666.3950347809304,0.00031697358416917437,-1.3690028485844588e-05
15.209625025278434,-0.0006926448963163615,-0.6832804956428762,0.10802330887212465,2.3340855821896964,666.6284433391494,0.0002984306779972254,-1.287489612668986e-05
15.259625025278435,-0.0006777263243568315,-0.6832788777964339,0.10802266141252241,2.3340660157678927,666.8618499407262,0.0002984306779972254,-1.287489612668986e-05
15.309625025278436,-0.0006628917642242946,-0.6832772690703545,0.10802201766771607,2.334046531864697,667.0952545939126,0.00028097252561554067,-1.2108849237447346e-05
15.359625025278437,-0.0006488459246570683,-0.6832757458855635,0.1080214087341551,2.3340281264123366,667.3286574065538,0.00028097252561554067,-1.2108849237447346e-05
15.409625025278437,-0.0006348791823222402,-0.6832742312869601,0.10802080329169322,2.3340098001059486,667.5620583865644,0.0002645356696649372,-1.1388878979863802e-05
15.459625025278438,-0.0006216550208001473,-0.683272797224098,0.10802023056662978,2.333992486067081,667.7954576351711,0.0002645356696649372,-1.1388878979863802e-05
15.509625025278439,-0.0006085053294083504,-0.6832713712445704,0.10801966112268079,2.333975247831505,668.0288551599543,0.0002490603649570823,-1.0712165991570002e-05
15.55962502527844,-0.0005960547782052171,-0.6832700210882198,0.10801912243040275,2.333958959884118,668.2622510559428,0.0002490603649570823,-1.0712165991570002e-05
15.60962502527844,-0.0005836743407057605,-0.6832686785418319,0.10801858682210318,2.333942744444761,668.4956453303872,0.00023449036132209574,-1.0076067984230024e-05
15.65962502527844,-0.0005719521440057903,-0.683267407381882,0.10801808011981982,2.3339274212364587,668.7290380725109,0.00023449036132209574,-1.0076067984230024e-05
15.709625025278442,-0.0005602959594249968,-0.6832661433862725,0.10801757631642062,2.3339121673025796,668.9624292892412,0.00022077269915848183,-9.478108195967413e-06
15.759625025278442,-0.000549259508831956,-0.6832649466000349,0.10801709968593366,2.333897751203408,669.1958190643616,0.00022077269915848183,-9.478108195967413e-06
15.809625025278443,-0.0005382852087084667,-0.6832637565586348,0.10801662578052386,2.333883401218162,669.4292074044833,0.00020785751694242936,-8.915964635477625e-06
15.859625025278444,-0.000527894388376903,-0.683262629794009,0.10801617742043992,2.333869838089402,669.6625943882923,0.00020785751694242936,-8.915964635477625e-06
15.909625025278444,-0.0005175620827648513,-0.6832615093793032,0.10801573162220815,2.3338563379962407,669.8959800220919,0.00019569786999696395,-8.387460060528891e-06
15.959625025278445,-0.0005077791235905332,-0.6832604485389282,0.10801530984065563,2.333843576974091,670.1293643797893,0.00019569786999696395,-8.387460060528891e-06
16.009625025278446,-0.0004980512560709457,-0.683259393676698,0.1080148904676526,2.333830875998378,670.3627474673891,0.00018424955986234894,-7.89055263698384e-06
16.059625025278446,-0.0004888405984106286,-0.6832583949030339,0.10801449367546868,2.333818869291511,670.5961293543182,0.00018424955986234894,-7.89055263698384e-06
16.109625025278447,-0.0004796818095841372,-0.6832574017575231,0.10801409914783683,2.333806919736319,670.8295100462918,0.00017347097364764689,-7.423327229973907e-06
16.159625025278448,-0.0004710099740057507,-0.6832564614188074,0.10801372585219288,2.3337956224363796,671.0628896085354,0.00017347097364764689,-7.423327229973907e-06
16.20962502527845,-0.00046238697297051965,-0.683255526378759,0.10801335468583138,2.333784379491484,671.2962680464846,0.00016332293277961972,-6.983987281544883e-06
16.25962502527845,-0.0004542224385640512,-0.6832546410557853,0.10801300348426703,2.333773749395655,671.5296454214241,0.00016332293277961972,-6.983987281544883e-06
16.30962502527845,-0.0004461038819118364,-0.6832537607212954,0.10801265428490295,2.3337631709588167,671.76302173852,0.0001537685505992903,-6.570847232808404e-06
16.35962502527845,-0.00043841697171865667,-0.6832529271949683,0.1080123238597416,2.3337531684036588,671.9963970553604,0.0001537685505992903,-6.570847232808404e-06
16.40962502527845,-0.0004307733496092336,-0.6832520983651114,0.10801199531737997,2.33374321491338,672.2297713768517,0.000144773098288637,-6.182325452418183e-06
16.459625025278452,-0.0004235361227534791,-0.6832513136047295,0.10801168443050027,2.333733802619179,672.4631447571136,0.000144773098288637,-6.182325452418183e-06
16.509625025278453,-0.00041633965165339536,-0.6832505332659082,0.10801137531422765,2.3337244368981436,672.6965172008034,0.00013630387864016133,-5.81693763516653e-06
16.559625025278454,-0.00040952580178337406,-0.6832497944181345,0.10801108280216704,2.333715579823087,672.9298887587858,0.00013630387864016133,-5.81693763516653e-06
16.609625025278454,-0.00040275032347920084,-0.6832490597331131,0.10801079195528528,2.3337067669315705,673.163259435479,0.0001283301072105669,-5.473290637722846e-06
16.659625025278455,-0.00039633508314971784,-0.6832483641115911,0.1080105167246538,2.3336984321350935,673.3966292786924,0.0001283301072105669,-5.473290637722846e-06
16.709625025278456,-0.00038995596966877446,-0.6832476724091703,0.10801024306012191,2.333690139233673,673.6299982926158,0.00012082280042662157,-5.1500767213635565e-06
16.759625025278456,-0.00038391602031686374,-0.6832470174847488,0.10800998408330575,2.333682295748378,673.8633665221906,0.00012082280042662157,-5.1500767213635565e-06
16.809625025278457,-0.0003779100844098564,-0.6832463662500459,0.10800972657946968,2.3336744919693326,674.0967339713876,0.00011375467023653623,-4.84606817281539e-06
16.859625025278458,-0.0003722234715967298,-0.6832457496415766,0.10800948289060541,2.3336671106809237,674.3301006824557,0.00011375467023653623,-4.84606817281539e-06
16.90962502527846,-0.0003665688824569585,-0.6832451365068752,0.10800924058719677,2.3336597670077412,674.5634666591565,0.00010710002492398051,-4.560112277371454e-06
16.95962502527846,-0.0003612149360681217,-0.6832445559725489,0.10800901127839849,2.3336528205424454,674.7968319412107,0.00010710002492398051,-4.560112277371454e-06
17.00962502527846,-0.00035589113998093835,-0.6832439787086847,0.10800878327278461,2.333645909696901,675.0301965321804,0.00010083467572425009,-4.291126619923749e-06
17.05962502527846,-0.00035085039909444157,-0.6832434321378751,0.10800856749060753,2.333639372315899,675.263560469412,0.00010083467572425009,-4.291126619923749e-06
17.10962502527846,-0.0003458380447285596,-0.6832428886461255,0.10800835293427653,2.3336328686522205,675.4969237562773,9.493584890318551e-05,-4.038094691359531e-06
17.159625025278462,-0.0003410921868783147,-0.6832423740517108,0.10800814987640167,2.333626716152628,675.7302864278926,9.493584890318551e-05,-4.038094691359531e-06
17.209625025278463,-0.0003363730549474397,-0.6832418623561604,0.1080079479716671,2.3336205955582625,675.9636484874484,8.938210297929419e-05,-3.8000617796344114e-06
17.259625025278464,-0.00033190482952450903,-0.6832413778672948,0.10800775688379272,2.333614805180247,676.1970099679664,8.938210297929419e-05,-3.8000617796344114e-06
17.309625025278464,-0.0003274617665636419,-0.6832408961076469,0.10800756688070373,2.3336090449828277,676.4303708724647,8.415325078821872e-05,-3.576131125886195e-06
17.359625025278465,-0.00032325493211344104,-0.6832404399629548,0.10800738705363014,2.333603595322461,676.663731231997,8.415325078821872e-05,-3.576131125886195e-06
17.409625025278466,-0.0003190717881291599,-0.6832399863877655,0.10800720824707384,2.333598174202545,676.8970910494172,7.92302861062918e-05,-3.3654603279889008e-06
17.459625025278466,-0.0003151110533166767,-0.6832395569289346,0.10800703901396917,2.33359304513003,677.1304503539302,7.92302861062918e-05,-3.3654603279889008e-06
17.509625025278467,-0.00031117262308478144,-0.6832391298892412,0.10800687074095278,2.3335879430392557,677.3638091482342,7.4595314566488e-05,-3.167257974602723e-06
17.559625025278468,-0.00030744359111324295,-0.6832387255549907,0.10800671147478812,2.333583115622182,677.5971674597964,7.4595314566488e-05,-3.167257974602723e-06
17.60962502527847,-0.0003037355589104031,-0.6832383234983145,0.10800655311188939,2.3335783137064876,677.8305252911671,7.023148861568022e-05,-2.9807804944378047e-06
17.65962502527847,-0.00030022467519137376,-0.6832379428187164,0.1080064032230324,2.3335737701378005,678.0638826681809,7.023148861568022e-05,-2.9807804944378047e-06
17.70962502527847,-0.00029673356275989964,-0.6832375642834159,0.10800625418400768,2.333569250665375,678.2972395932475,6.612294627679773e-05,-2.805329206266825e-06
17.75962502527847,-0.0002934280656446109,-0.6832372058745491,0.10800611311796467,2.3335649741957565,678.530596090667,6.612294627679773e-05,-2.805329206266825e-06
17.80962502527847,-0.00029014118320121955,-0.6832368494845041,0.10800597285150436,2.3335607204894373,678.763952162716,6.225475349331038e-05,-2.6402475562891803e-06
17.859625025278472,-0.00028702905759405643,-0.683236512043421,0.10800584008680132,2.3335566953638236,678.9973078322524,6.225475349331038e-05,-2.6402475562891803e-06
17.909625025278473,-0.0002839344577045657,-0.683236176503028,0.1080057080744235,2.33355269173764,679.2306631014262,5.861284984648209e-05,-2.484918530648255e-06
17.959625025278473,-0.00028100439139011114,-0.6832358588030155,0.1080055831206173,2.3335489031356107,679.4640179917398,5.861284984648209e-05,-2.484918530648255e-06
18.009625025278474,-0.00027809082554241214,-0.683235542892476,0.10800545887469076,2.333545134835221,679.6973725052233,5.518399744809605e-05,-2.3387622312082886e-06
18.059625025278475,-0.00027533216806731217,-0.6832352437785952,0.10800534127050232,2.3335415688150256,679.9307266621048,5.518399744809605e-05,-2.3387622312082886e-06
18.109625025278476,-0.0002725890457847765,-0.6832349463494795,0.10800522433239076,2.3335380219618007,680.164080464301,5.1955732822894055e-05,-2.201233604121568e-06
18.159625025278476,-0.0002699917697449744,-0.683234664734365,0.10800511364395249,2.333534665407784,680.3974339308418,5.1955732822894055e-05,-2.201233604121568e-06
18.209625025278477,-0.00026740912009168657,-0.6832343847054356,0.10800500358227229,2.333531326946301,680.6307870635364,4.891632160583875e-05,-2.0718203111812116e-06
18.259625025278478,-0.0002649637846843167,-0.6832341195653417,0.10800489940148261,2.3335281675195296,680.8641398802883,4.891632160583875e-05,-2.0718203111812116e-06
18.30962502527848,-0.0002625322200222139,-0.6832338559186224,0.10800479581046706,2.3335250251682726,681.0974923828052,4.6054715889537514e-05,-1.950040734419626e-06
18.35962502527848,-0.0002602299367296775,-0.6832336062897001,0.10800469775344529,2.3335220512601453,681.3308445879312,4.6054715889537514e-05,-1.950040734419626e-06
18.40962502527848,-0.00025794061859586476,-0.6832333580667733,0.10800460025140857,2.3335190934652026,681.5641964972777,4.336051406679942e-05,-1.8354421055091528e-06
18.45962502527848,-0.0002557730188773578,-0.6832331230415657,0.10800450795704392,2.333516294153877,681.7975481266932,4.336051406679942e-05,-1.8354421055091528e-06
18.50962502527848,-0.00025361762585757213,-0.6832328893400882,0.10800441618493864,2.333513510045454,682.0308994776977,4.0823923022364445e-05,-1.727598751749262e-06
18.559625025278482,-0.0002515768307306333,-0.6832326680642306,0.10800432931352744,2.333510875054907,682.2642505652033,4.0823923022364445e-05,-1.727598751749262e-06
18.609625025278483,-0.0002495475282120848,-0.6832324480346518,0.10800424293358984,2.333508254406472,682.4976013906439,3.8435722536382776e-05,-1.6261104512325807e-06
18.659625025278483,-0.00024762611961360036,-0.6832322397037651,0.1080041611655555,2.333505774068027,682.7309519680507,3.8435722536382776e-05,-1.6261104512325807e-06
18.709625025278484,-0.00024571553130724985,-0.6832320325462384,0.10800407986003294,2.3335033072579363,682.9643022987765,3.618723177026076e-05,-1.5306008901675392e-06
18.759625025278485,-0.00024390652512981965,-0.6832318364030047,0.1080040028947235,2.333500972474115,683.197652396024,3.618723177026076e-05,-1.5306008901675392e-06
18.809625025278486,-0.0002421077062585839,-0.683231641364479,0.108003926364679,2.3334986504495565,683.4310022610689,3.4070277713058385e-05,-1.4407162154345443e-06
18.859625025278486,-0.00024040452696424202,-0.6832314566958874,0.10800385391923754,2.3334964526601047,683.6643519063349,3.4070277713058385e-05,-1.4407162154345443e-06
18.909625025278487,-0.00023871093901967118,-0.6832312730673694,0.10800378188342677,2.3334942669032204,683.8977013330252,3.207716547374898e-05,-1.3561236769226734e-06
18.959625025278488,-0.00023710739573868837,-0.683231099202124,0.10800371369173005,2.33349219805318,684.1310505528305,3.207716547374898e-05,-1.3561236769226734e-06
19.00962502527849,-0.00023551288271436263,-0.6832309263160999,0.1080036458855462,2.3334901405492277,684.3643995668855,3.0200650311360797e-05,-1.2765103534629712e-06
19.05962502527849,-0.00023400314674225497,-0.683230762622179,0.10800358169720739,2.3334881930589244,684.5977483861914,3.0200650311360797e-05,-1.2765103534629712e-06
19.10962502527849,-0.00023250191275751378,-0.6832305998501877,0.10800351787168971,2.3334862562663563,684.831097011818,2.8433911301336974e-05,-1.2015819571761275e-06
19.15962502527849,-0.00023108049636846398,-0.6832304457325457,0.1080034574511213,2.3334844230031884,685.0644454541183,2.8433911301336974e-05,-1.2015819571761275e-06
19.20962502527849,-0.00022966708460113534,-0.6832302924828941,0.10800339737202344,2.3334825998255386,685.2977937141009,2.6770526542396994e-05,-1.131061711207193e-06
19.259625025278492,-0.00022832882110081803,-0.6832301473812982,0.10800334049755655,2.333480874077458,685.5311418015086,2.6770526542396994e-05,-1.131061711207193e-06
19.309625025278493,-0.00022699809395237237,-0.6832300030969096,0.10800328394447099,2.3334791578369067,685.7644897172923,2.520444981378237e-05,-1.0646892963674267e-06
19.359625025278493,-0.00022573811889767975,-0.6832298664839028,0.10800323040752773,2.333477533287487,685.9978374706211,2.520444981378237e-05,-1.0646892963674267e-06
19.409625025278494,-0.000224485239318713,-0.6832297306402918,0.1080031771730629,2.3334759177000186,686.2311850623911,2.3729988598040533e-05,-1.00221986223441e-06
19.459625025278495,-0.00022329897283611782,-0.6832296020192755,0.10800312677737836,2.3334743884050146,686.4645325012316,2.3729988598040533e-05,-1.00221986223441e-06
19.509625025278496,-0.0002221193867442855,-0.683229474122641,0.10800307666638526,2.3334728675570613,686.6978797879873,2.234178338946451e-05,-9.434230985877392e-07
19.559625025278496,-0.0002210025168825726,-0.6832293530260696,0.10800302922727632,2.333471427922371,686.9312269307795,2.234178338946451e-05,-9.434230985877392e-07
19.609625025278497,-0.00021989193660906746,-0.6832292326114996,0.1080029820561214,2.3334699962488585,687.1645739304045,2.103478821297895e-05,-8.880823635775597e-07
19.659625025278498,-0.00021884040366592372,-0.6832291185991801,0.10800293739979935,2.3334686410097993,687.3979207945055,2.103478821297895e-05,-8.880823635775597e-07
19.7096250252785,-0.00021779479237032796,-0.6832290052289617,0.10800289299568118,2.333467293273499,687.6312675238328,1.9804252282662218e-05,-8.359938649151971e-07
19.7596250252785,-0.00021680477413582117,-0.6832288978864542,0.10800285095860546,2.33346601747532,687.8646141255803,1.9804252282662218e-05,-8.359938649151971e-07
19.8096250252785,-0.0002158203311326842,-0.6832287911484818,0.10800280915891221,2.333464748747444,688.097960600455,1.864570273323725e-05,-7.86965890944397e-07
19.8596250252785,-0.00021488822899599317,-0.6832286900855923,0.10800276958718288,2.333463547727,688.3313069552278,1.864570273323725e-05,-7.86965890944397e-07
19.9096250252785,-0.00021396137593979964,-0.6832285895918697,0.10800273023888833,2.333462353368948,688.5646531905646,1.7554928361763232e-05,-7.408180882140188e-07
19.959625025278502,-0.00021308380180869602,-0.6832284944412317,0.10800269298767493,2.333461222737468,688.7979993128383,1.7554928361763232e-05,-7.408180882140188e-07
20.009625025278503,-0.00021221116968700863,-0.6832283998264619,0.10800265594677051,2.3334600983836626,689.0313453226767,1.652796432043195e-05,-6.973807830224855e-07
20.059625025278503,-0.00021138493367254537,-0.6832283102422005,0.10800262087977489,2.3334590340105392,689.2646912260777,1.652796432043195e-05,-6.973807830224855e-07
20.109625025278504,-0.00021056335056004517,-0.6832282211624571,0.10800258601073573,2.33345797555229,689.498037023633,1.5561077704830487e-05,-6.564943440053879e-07
20.159625025278505,-0.0002097854493816869,-0.6832281368189325,0.1080025529996871,2.333456973549837,689.7313827209879,1.5561077704830487e-05,-6.564943440053879e-07
20.209625025278505,-0.00020901192891059875,-0.6832280529504094,0.1080025201749699,2.3334559771201606,689.9647283186999,1.465075398528544e-05,-6.180085831502094e-07
20.259625025278506,-0.0002082795349796492,-0.6832279735410322,0.1080024890991499,2.333455033829272,690.1980738220828,1.465075398528544e-05,-6.180085831502094e-07
20.309625025278507,-0.00020755126548464424,-0.6832278945788672,0.10800245819872074,2.333454095788615,690.4314192316617,1.3793684231969406e-05,-5.817821930686123e-07
20.359625025278508,-0.00020686171662629037,-0.6832278198149841,0.10800242894451687,2.333453207765281,690.6647645524382,1.3793684231969406e-05,-5.817821930686123e-07
20.40962502527851,-0.00020617605092440936,-0.6832277454721499,0.10800239985540722,2.333452324688096,690.898109784907,1.2986753087335035e-05,-5.47682218187917e-07
20.45962502527851,-0.00020552684070102356,-0.6832276750819947,0.10800237231589277,2.3334514886907143,691.131454933776,1.2986753087335035e-05,-5.47682218187917e-07
20.50962502527851,-0.00020488128646947205,-0.6832276050882556,0.10800234493178186,2.333450657352828,691.3647999995113,1.222702744215834e-05,-5.155835577416336e-07
20.55962502527851,-0.0002042700550699991,-0.6832275388159608,0.10800231900632101,2.3334498703302717,691.5981449865443,1.222702744215834e-05,-5.155835577416336e-07
20.60962502527851,-0.0002036622657868398,-0.6832274729168906,0.10800229322714312,2.3334490876970095,691.831489895314,1.1511745774030518e-05,-4.853684987945449e-07
20.659625025278512,-0.00020308679144915285,-0.6832274105215572,0.10800226882101935,2.333448346777398,692.0648347299917,1.1511745774030518e-05,-4.853684987945449e-07
20.709625025278513,-0.00020251455786396568,-0.6832273484776139,0.10800224455259441,2.3334476099924073,692.298179490991,1.0838308109545644e-05,-4.5692627715905304e-07
20.759625025278513,-0.00020197274879901294,-0.6832272897324365,0.10800222157666105,2.3334469124725477,692.5315241822382,1.0838308109545644e-05,-4.5692627715905304e-07
20.809625025278514,-0.00020143399090251986,-0.6832272313180918,0.1080021987303472,2.3334462188472873,692.7648688041229,1.0204266573697953e-05,-4.301526647131974e-07
20.859625025278515,-0.00020092387769090716,-0.6832271760095331,0.1080021771006988,2.3334455621827375,692.9982133603412,1.0204266573697953e-05,-4.301526647131974e-07
20.909625025278515,-0.00020041663715437264,-0.6832271210124525,0.10800215559306557,2.3334449091865865,693.2315578512598,9.60731649213744e-06,-4.0494958158725784e-07
20.959625025278516,-0.00019993636558774482,-0.6832270689394675,0.10800213523072869,2.333444290982306,693.464902280358,9.60731649213744e-06,-4.0494958158725784e-07
21.009625025278517,-0.00019945879864467027,-0.6832270171597385,0.1080021149832496,2.3334436762332644,693.6982466479814,9.045288013941954e-06,-3.8122473138399416e-07
21.059625025278518,-0.0001990066229858706,-0.6832269681330437,0.10800209581389197,2.3334430942348203,693.9315909574049,9.045288013941954e-06,-3.8122473138399416e-07
21.10962502527852,-0.0001985569937301085,-0.6832269193824488,0.1080020767526554,2.3334425154907557,694.1649352089539,8.51613822445527e-06,-3.5889125849814555e-07
21.15962502527852,-0.00019813127036761804,-0.6832268732238341,0.10800205870631233,2.3334419675760483,694.3982794057115,8.51613822445527e-06,-3.5889125849814555e-07
21.20962502527852,-0.00019770794444354562,-0.6832268273251669,0.10800204076174941,2.33344142272646,694.6316235479842,8.017943719523171e-06,-3.3786742555881217e-07
21.25962502527852,-0.00019730712591713688,-0.6832267838668477,0.10800202377256639,2.3334409068979354,694.864967638674,8.017943719523171e-06,-3.3786742555881217e-07
21.30962502527852,-0.00019690856457895388,-0.6832267406532684,0.10800200687919512,2.333440393956209,695.0983116780696,7.5488936141353616e-06,-3.1807631050099194e-07
21.359625025278522,-0.00019653119395484313,-0.6832266997372756,0.10800199088518571,2.333439908333532,695.331655668903,7.5488936141353616e-06,-3.1807631050099194e-07
21.409625025278523,-0.0001961559484733998,-0.683226659051705,0.10800197498137018,2.333439425429648,695.564999611446,7.107282960060709e-06,-2.9944552147253184e-07
21.459625025278523,-0.00019580065404845246,-0.6832266205293109,0.10800195992418817,2.3334389682428123,695.7983435082702,7.107282960060709e-06,-2.9944552147253184e-07
21.509625025278524,-0.0001954473604452778,-0.6832265822238591,0.1080019449519121,2.3334385136164895,696.0316873596319,6.691506548550266e-06,-2.819069289458427e-07
21.559625025278525,-0.00019511285076101713,-0.683226545955037,0.10800193077663717,2.3334380831993276,696.2650311679517,6.691506548550266e-06,-2.819069289458427e-07
21.609625025278525,-0.00019478022485040577,-0.6832265098904655,0.10800191668129072,2.3334376551935647,696.4983749334712,6.300053075581011e-06,-2.653964135545314e-07
21.659625025278526,-0.00019446528399870176,-0.68322647574338,0.1080019033362268,2.333437249977646,696.7317186584689,6.300053075581011e-06,-2.653964135545314e-07
21.709625025278527,-0.00019415211671983836,-0.6832264417885963,0.10800189006640613,2.3334368470326567,696.9650623431722,5.931499648432484e-06,-2.498536291844759e-07
21.759625025278527,-0.0001938555999232134,-0.6832264096391248,0.10800187750289167,2.3334364655415416,697.1984059897264,5.931499648432484e-06,-2.498536291844759e-07
21.809625025278528,-0.00019356075294536758,-0.6832263776707053,0.10800186501021021,2.333436086189033,697.4317495983454,5.58450661362788e-06,-2.3522177987768956e-07
21.85962502527853,-0.00019328158239585386,-0.6832263474019865,0.10800185318243961,2.33343572703287,697.6650931710486,5.58450661362788e-06,-2.3522177987768956e-07
21.90962502527853,-0.00019300398398067062,-0.6832263173037277,0.10800184142135062,2.333435369890668,697.8984367080377,5.257812687440175e-06,-2.2144741047857337e-07
21.95962502527853,-0.0001927411449220942,-0.6832262888057367,0.10800183028620627,2.333435031761104,698.1317802112138,5.257812687440175e-06,-2.2144741047857337e-07
22.00962502527853,-0.00019247978602794037,-0.6832262604682334,0.10800181921383575,2.333434695528094,698.3651236807666,4.950230371263305e-06,-2.0848020914857142e-07
22.05962502527853,-0.00019223232306739128,-0.6832262336373818,0.10800180873072998,2.3334343771934902,698.5984671184859,4.950230371263305e-06,-2.0848020914857142e-07
22.109625025278532,-0.00019198625368159727,-0.6832262069576293,0.10800179830671952,2.333434060644851,698.8318105245504,4.660641635183516e-06,-1.9627282196337855e-07
22.159625025278533,-0.00019175326731667855,-0.6832261816963886,0.1080017884374458,2.333433760945777,699.065153900645,4.660641635183516e-06,-1.9627282196337855e-07
22.209625025278534,-0.0001915215930023439,-0.6832261565774076,0.10800177862380471,2.333433462928506,699.2984972469378,4.3879938540617e-06,-1.8478067849507666e-07
22.259625025278535,-0.00019130223635157632,-0.683226132793955,0.10800176933239773,2.3334331807734987,699.5318405650152,4.3879938540617e-06,-1.8478067849507666e-07
22.309625025278535,-0.00019108411499638687,-0.6832261091444398,0.1080017600933638,2.3334329002021863,699.7651838550354,4.131295981354539e-06,-1.7396182760749644e-07
22.359625025278536,-0.0001908775907208848,-0.6832260867523243,0.10800175134596776,2.333432634563761,699.9985271184918,4.131295981354539e-06,-1.7396182760749644e-07
22.409625025278537,-0.00019067222947612405,-0.6832260644863106,0.10800174264787638,2.3334323704166313,700.2318703555335,3.889614946766855e-06,-1.637767830251063e-07
22.459625025278537,-0.00019047778688135333,-0.6832260434041384,0.10800173441262101,2.333432120327526,700.4652135675663,3.889614946766855e-06,-1.637767830251063e-07
22.509625025278538,-0.00019028443927998135,-0.683226022440691,0.10800172622378186,2.3334318716426914,700.6985567547305,3.6620722646411584e-06,-1.5418837816952133e-07
22.55962502527854,-0.00019010137158706407,-0.68322600259183,0.1080017184706658,2.3334316361923317,700.9318999183497,3.6620722646411584e-06,-1.5418837816952133e-07
22.60962502527854,-0.00018991933483038893,-0.6832259828547482,0.10800171076124689,2.3334314020642846,701.1652430585561,3.4478408407562553e-06,-1.4516162944817547e-07
22.65962502527854,-0.0001897469766070369,-0.6832259641670493,0.10800170346202789,2.333431180395459,701.3985861765957,3.4478408407562553e-06,-1.4516162944817547e-07
22.70962502527854,-0.0001895755890101155,-0.6832259455845904,0.10800169620394642,2.3334309599717575,701.6319292725929,3.2461419659278524e-06,-1.3666360771643287e-07
22.75962502527854,-0.00018941331375185404,-0.6832259279901252,0.10800168933203808,2.333430751277484,701.8652723477206,3.2461419659278524e-06,-1.3666360771643287e-07
22.809625025278542,-0.00018925195233833716,-0.6832259104947433,0.10800168249885769,2.333430543755643,702.0986154020962,3.0562424854836714e-06,-1.286633172543102e-07
22.859625025278543,-0.00018909917019122732,-0.6832258939295573,0.10800167602923218,2.333430347276225,702.3319584368238,3.0562424854836714e-06,-1.286633172543102e-07
22.909625025278544,-0.00018894724842890613,-0.6832258774576583,0.10800166959606632,2.3334301519007803,702.5653014520138,2.87745213432391e-06,-1.2113158204503255e-07
22.959625025278545,-0.00018880340404548744,-0.6832258618615383,0.1080016635051629,2.33342996692103,702.798644448706,2.87745213432391e-06,-1.2113158204503255e-07
23.009625025278545,-0.00018866036971431038,-0.683225846353248,0.1080016574485838,2.3334297829807857,703.0319874270041,2.709121027880715e-06,-1.1404093862376244e-07
23.059625025278546,-0.00018852494023497115,-0.6832258316695036,0.10800165171422274,2.3334296088274162,703.2653303878868,2.709121027880715e-06,-1.1404093862376244e-07
23.109625025278547,-0.00018839027341978202,-0.6832258170684506,0.10800164601217581,2.333429435652841,703.4986733314521,2.5506372998565202e-06,-1.0736553536752217e-07
23.159625025278547,-0.0001882627665722193,-0.6832258032437075,0.10800164061347728,2.3334292716920073,703.7320162586213,2.5506372998565202e-06,-1.0736553536752217e-07
23.209625025278548,-0.00018813597777292,-0.6832257894968183,0.10800163524520051,2.3334291086527967,703.9653591694866,2.40142487815451e-06,-1.0108103764465645e-07
23.25962502527855,-0.00018801593008278125,-0.6832257764808247,0.10800163016250834,2.3334289542877835,704.1987020649154,2.40142487815451e-06,-1.0108103764465645e-07
23.30962502527855,-0.00018789655843505008,-0.6832257635381306,0.10800162510845646,2.3334288007905566,704.4320449449945,2.2609413909172006e-06,-9.516453867912366e-08
23.35962502527855,-0.0001877835335412522,-0.6832257512835744,0.10800162032326631,2.3334286554596013,704.6653878105404,2.2609413909172006e-06,-9.516453867912366e-08
23.40962502527855,-0.00018767114514135004,-0.6832257390980297,0.10800161556503937,2.3334285109457342,704.898730661635,2.1286761950617387e-06,-8.959447551914879e-08
23.45962502527855,-0.00018756473220995237,-0.6832257275603668,0.1080016110599312,2.333428374119978,705.132073499047,2.1286761950617387e-06,-8.959447551914879e-08
23.509625025278552,-0.00018745891853752788,-0.6832257160876781,0.10800160658020742,2.333428238063571,705.3654163228533,2.0041485201458305e-06,-8.435055014540764e-08
23.559625025278553,-0.00018735873076839343,-0.68322570522497,0.10800160233878182,2.3334281092451294,705.5987591337779,2.0041485201458305e-06,-8.435055014540764e-08
23.609625025278554,-0.000187259107201554,-0.683225694423435,0.10800159812125432,2.3334279811510816,705.832101931893,1.8869057208175953e-06,-7.94136550509107e-08
23.659625025278554,-0.00018716478042237128,-0.6832256841961966,0.1080015941280727,2.3334278598712284,706.0654447178802,1.8869057208175953e-06,-7.94136550509107e-08
23.709625025278555,-0.00018707098483962238,-0.6832256740265528,0.10800159015738994,2.333427739273439,706.2987874918075,1.7765216314968823e-06,-7.476580329814737e-08
23.759625025278556,-0.00018698217618217676,-0.6832256643976091,0.10800158639791817,2.333427625090899,706.5321302543166,1.7765216314968823e-06,-7.476580329814737e-08
23.809625025278557,-0.00018689386764614795,-0.6832256548228908,0.108001582659628,2.3334275115505627,706.7654730054717,1.672595017308062e-06,-7.039006271766667e-08
23.859625025278557,-0.00018681025430003124,-0.6832256457572415,0.10800157912018334,2.3334274040499015,706.9988157458766,1.672595017308062e-06,-7.039006271766667e-08
23.909625025278558,-0.00018672711181820403,-0.6832256367426452,0.1080015756006802,2.3334272971539107,707.2321584755921,1.5747481156329226e-06,-6.627049393631924e-08
23.95962502527856,-0.00018664838985743207,-0.6832256282073375,0.10800157226838143,2.333427195944021,707.4655011951864,1.5747481156329226e-06,-6.627049393631924e-08
24.00962502527856,-0.00018657011121536545,-0.6832256197200961,0.10800156895485674,2.3334270953034597,707.6988439047168,1.4826252629829366e-06,-6.239209215718987e-08
24.05962502527856,-0.0001864959944936386,-0.6832256116841048,0.10800156581757712,2.333427000016135,707.9321866047184,1.4826252629829366e-06,-6.239209215718987e-08
24.10962502527856,-0.0001864222951564508,-0.683225603693368,0.10800156269797252,2.3334269052648597,708.1655292952448,1.395891602199482e-06,-5.874073213361667e-08
24.15962502527856,-0.0001863525142670417,-0.6832255961274831,0.10800155974429561,2.3334268155534534,708.3988719768001,1.395891602199482e-06,-5.874073213361667e-08
24.209625025278562,-0.00018628312634515515,-0.6832255886042053,0.10800155680725901,2.3334267263467625,708.6322146494348,1.3142318652828312e-06,-5.530311662952514e-08
24.259625025278563,-0.00018621742764164312,-0.6832255814809255,0.10800155402643696,2.3334266418849237,708.8655573136233,1.3142318652828312e-06,-5.530311662952514e-08
24.309625025278564,-0.00018615209891703366,-0.6832255743977602,0.10800155126128114,2.333426557898296,709.0988999694131,1.2373492274256476e-06,-5.2066727850371383e-08
24.359625025278564,-0.000186090243591326,-0.683225567691193,0.10800154864319558,2.333426478378782,709.3322426172509,1.2373492274256476e-06,-5.2066727850371383e-08
24.409625025278565,-0.00018602873660073627,-0.6832255610223936,0.10800154603985919,2.3334263993066973,709.5655852571816,1.1649642280855894e-06,-4.901978158287032e-08
24.459625025278566,-0.0001859704998150256,-0.6832255547081613,0.10800154357498429,2.333426324440253,709.7989278896257,1.1649642280855894e-06,-4.901978158287032e-08
24.509625025278567,-0.00018591259098681056,-0.6832255484294874,0.10800154112399521,2.3334262499950795,710.0322705146252,1.0968137551751663e-06,-4.615118423159868e-08
24.559625025278567,-0.00018585776105631242,-0.6832255424846382,0.10800153880336297,2.333426179509384,710.2656131325762,1.0968137551751663e-06,-4.615118423159868e-08
24.609625025278568,-0.00018580323989777944,-0.6832255365732672,0.10800153649580375,2.3334261094203286,710.4989557435182,1.0326500886764738e-06,-4.3450492340375816e-08
24.65962502527857,-0.00018575161752127994,-0.6832255309761923,0.1080015343109713,2.3334260430590024,710.7322983478241,1.0326500886764738e-06,-4.3450492340375816e-08
24.70962502527857,-0.00018570028585356953,-0.6832255254106372,0.10800153213844668,2.3334259770711263,710.9656409455312,9.722400002045382e-07,-4.090787429867147e-08
24.75962502527857,-0.0001856516833889859,-0.6832255201409917,0.10800153008146551,2.3334259145928,711.1989835369905,9.722400002045382e-07,-4.090787429867147e-08
24.80962502527857,-0.00018560335462671198,-0.683225514901022,0.1080015280360718,2.3334258524660867,711.4323261222371,9.153639052462523e-07,-3.851407456954959e-08
24.85962502527857,-0.00018555759540903285,-0.6832255099396513,0.10800152609945883,2.3334257936435194,711.6656687016015,9.153639052462523e-07,-3.851407456954959e-08
24.909625025278572,-0.00018551209388206392,-0.6832255050062203,0.1080015241737551,2.333425735152005,711.8990112751167,8.61815064993215e-07,-3.626037991682316e-08
24.959625025278573,-0.00018546901158119023,-0.6832255003350901,0.10800152235046535,2.3334256797712585,712.1323538430938,8.61815064993215e-07,-3.626037991682316e-08
25.009625025278574,-0.00018542617189610654,-0.6832254956902652,0.10800152053744635,2.333425624702207,712.365696405564,8.113988348675597e-07,-3.4138587524899187e-08
25.059625025278574,-0.00018538560991225863,-0.6832254912923966,0.10800151882084735,2.3334255725618647,712.5990389628201,8.113988348675597e-07,-3.4138587524899187e-08
25.109625025278575,-0.00018534527635116407,-0.6832254869192944,0.10800151711391798,2.3334255207149908,712.8323815148916,7.639319570089115e-07,-3.214097508308568e-08
25.159625025278576,-0.00018530708724565754,-0.6832254827787015,0.10800151549776552,2.3334254716254272,713.0657240620542,7.639319570089115e-07,-3.214097508308568e-08
25.209625025278577,-0.00018526911320016108,-0.6832254786614262,0.10800151389071676,2.3334254228121707,713.2990666043354,7.192418941509215e-07,-3.026027263175448e-08
25.259625025278577,-0.0001852331581594823,-0.6832254747630584,0.10800151236913222,2.3334253765948594,713.5324091419949,7.192418941509215e-07,-3.026027263175448e-08
25.309625025278578,-0.00018519740559779145,-0.683225470886644,0.10800151085611859,2.3334253306376964,713.7657516750587,6.771662024660616e-07,-2.84896360596023e-08
25.35962502527858,-0.00018516355392902465,-0.6832254672163309,0.10800150942356748,2.3334252871245593,713.9990942037712,6.771662024660616e-07,-2.84896360596023e-08
25.40962502527858,-0.00018512989289421407,-0.6832254635666871,0.10800150799908569,2.333425243856357,714.2324367281568,6.375519410989916e-07,-2.6822622120910846e-08
25.45962502527858,-0.000185098021549986,-0.6832254601110876,0.10800150665035751,2.333425202889155,714.4657792484458,6.375519410989916e-07,-2.6822622120910846e-08
25.50962502527858,-0.00018506632968761738,-0.6832254566749483,0.1080015053092264,2.333425162152563,714.699121764661,6.002551162422599e-07,-2.5253164902358086e-08
25.55962502527858,-0.00018503632281883261,-0.6832254534215016,0.10800150403941569,2.333425123582318,714.9324642770192,6.002551162422599e-07,-2.5253164902358086e-08
25.609625025278582,-0.0001850064849322088,-0.6832254501863767,0.10800150277675745,2.333425085229196,715.1658067855421,5.651401577335326e-07,-2.3775553770578278e-08
25.659625025278583,-0.00018497823346695026,-0.6832254471232571,0.10800150158124586,2.3334250489156485,715.3991492904337,5.651401577335326e-07,-2.3775553770578278e-08
25.709625025278584,-0.000184950141098387,-0.6832254440773872,0.10800150039246817,2.333425012806525,715.6324917917143,5.320794262720542e-07,-2.2384412459351453e-08
25.759625025278584,-0.00018492354234545056,-0.6832254411934602,0.1080014992669077,2.333424978617624,715.865834289576,5.320794262720542e-07,-2.2384412459351453e-08
25.809625025278585,-0.00018489709338204404,-0.683225438325774,0.10800149814768709,2.3334249446211923,716.0991767840381,5.009527494628202e-07,-2.1074679585737536e-08
25.859625025278586,-0.00018487205065766658,-0.6832254356105569,0.10800149708798427,2.333424912432617,716.3325192752814,5.009527494628202e-07,-2.1074679585737536e-08
25.909625025278586,-0.00018484714896012332,-0.6832254329106305,0.1080014960342503,2.333424880425254,716.5658617633239,4.716469850022346e-07,-1.984159015689126e-08
25.959625025278587,-0.00018482357123654708,-0.6832254303542539,0.10800149503655124,2.333424850119958,716.799204248336,4.716469850022346e-07,-1.984159015689126e-08
26.009625025278588,-0.00018480012628972747,-0.6832254278122734,0.10800149404447174,2.333424819985275,717.0325467303345,4.440556094174497e-07,-1.8680658179903982e-08
26.05962502527859,-0.00018477792786432347,-0.683225425405445,0.10800149310514812,2.3334247914530626,717.2658892094798,4.440556094174497e-07,-1.8680658179903982e-08
26.10962502527859,-0.0001847558544482285,-0.6832254230121705,0.10800149217111521,2.3334247630814833,717.499231685788,4.180783308643927e-07,-1.7587660236159426e-08
26.15962502527859,-0.00018473495463197624,-0.6832254207461417,0.10800149128675109,2.3334247362186065,717.7325741594099,4.180783308643927e-07,-1.7587660236159426e-08
26.20962502527859,-0.0001847141725119815,-0.683225418492874,0.10800149040736808,2.3334247095069682,717.9659166303605,3.936207245772549e-07,-1.655862031613815e-08
26.25962502527859,-0.00018469449533617256,-0.683225416359408,0.10800148957474742,2.333424684215751,718.1992590987821,3.936207245772549e-07,-1.655862031613815e-08
26.309625025278592,-0.00018467492897138353,-0.6832254142379567,0.10800148874681641,2.333424659066926,718.4326015646889,3.7059388964401705e-07,-1.558979513830905e-08
26.359625025278593,-0.0001846564029114831,-0.6832254122292987,0.10800148796291142,2.3334246352554087,718.6659440282144,3.7059388964401705e-07,-1.558979513830905e-08
26.409625025278594,-0.00018463798118015178,-0.6832254102319524,0.10800148718342167,2.3334246115779544,718.8992864893722,3.489141258608336e-07,-1.4677660549911845e-08
26.459625025278594,-0.0001846205388958143,-0.683225408340801,0.10800148644538178,2.333424589159558,719.1326289482881,3.489141258608336e-07,-1.4677660549911845e-08
26.509625025278595,-0.0001846031948368188,-0.6832254064602996,0.10800148571149876,2.333424566867384,719.3659714049749,3.285026294902972e-07,-1.3818898762478292e-08
26.559625025278596,-0.00018458677292711262,-0.6832254046797808,0.1080014850166402,2.333424545760597,719.5993138595509,3.285026294902972e-07,-1.3818898762478292e-08
26.609625025278596,-0.00018457044349656044,-0.6832254029092888,0.10800148432569526,2.333424524772649,719.8326563120281,3.0928520681786787e-07,-1.3010386228862156e-08
26.659625025278597,-0.0001845549822695119,-0.6832254012329304,0.10800148367149132,2.3334245049007283,720.0659987625182,3.0928520681786787e-07,-1.3010386228862156e-08
26.709625025278598,-0.00018453960811158168,-0.6832253995660124,0.10800148302097201,2.333424485140696,720.2993412110324,2.91192004465355e-07,-1.2249182149488945e-08
26.7596250252786,-0.00018452505136720094,-0.6832253979877211,0.10800148240504387,2.3334244664313912,720.5326836576755,2.91192004465355e-07,-1.2249182149488945e-08
26.8096250252786,-0.0001845105765983902,-0.6832253964183178,0.10800148179258476,2.333424447827429,720.7660261024582,2.7415725548101467e-07,-1.1532517983584743e-08
26.8596250252786,-0.00018449687142438987,-0.6832253949323567,0.10800148121269282,2.3334244302127156,720.9993685454795,2.7415725548101467e-07,-1.1532517983584743e-08
26.9096250252786,-0.0001844832434303841,-0.6832253934547636,0.10800148063606692,2.333424412697183,721.2327109867492,2.5811904028333294e-07,-1.0857787230655808e-08
26.9596250252786,-0.00018447034000984862,-0.6832253920557313,0.10800148009010262,2.3334243961130183,721.4660534263605,2.5811904028333294e-07,-1.0857787230655808e-08
27.009625025278602,-0.00018445750925427366,-0.6832253906645775,0.10800147954721326,2.3334243796222327,721.6993958643228,2.4301906158973255e-07,-1.0222535930544657e-08
27.059625025278603,-0.00018444536068457976,-0.6832253893473887,0.10800147903319143,2.333424364008321,721.9327383007236,2.4301906158973255e-07,-1.0222535930544657e-08
27.109625025278604,-0.0001844332805289421,-0.6832253880376176,0.10800147852206464,2.3334243484823265,722.1660807355719,2.2880243251184117e-07,-9.62445376733337e-09
27.159625025278604,-0.0001844218426512726,-0.6832253867974843,0.10800147803811631,2.3334243337819,722.3994231689501,2.2880243251184117e-07,-9.62445376733337e-09
27.209625025278605,-0.0001844104691854332,-0.6832253855643349,0.10800147755689363,2.3334243191642465,722.6327656008665,2.154174770473033e-07,-9.061365684186155e-09
27.259625025278606,-0.00018439970042426426,-0.6832253843967495,0.10800147710125918,2.333424305323859,722.8661080313989,2.154174770473033e-07,-9.061365684186155e-09
27.309625025278606,-0.0001843889923068297,-0.6832253832357393,0.1080014766481909,2.3334242915614043,723.099450460555,2.0281554224279605e-07,-8.531223885290225e-09
27.359625025278607,-0.00018437885351880787,-0.6832253821364578,0.1080014762192137,2.3334242785307375,723.332792888408,2.0281554224279605e-07,-8.531223885290225e-09
27.409625025278608,-0.00018436877182685852,-0.6832253810433668,0.10800147579265251,2.3334242655734445,723.5661353149653,1.909508213453754e-07,-8.032100501921168e-09
27.45962502527861,-0.00018435922615851877,-0.6832253800083934,0.10800147538877283,2.333424253305124,723.7994777402959,1.909508213453754e-07,-8.032100501921168e-09
27.50962502527861,-0.00018434973424612803,-0.6832253789792483,0.1080014749871678,2.333424241105885,724.0328201644064,1.7978018729975006e-07,-7.562180411802514e-09
27.55962502527861,-0.0001843407469999351,-0.6832253780048209,0.10800147460691722,2.333424229555309,724.2661625873619,1.7978018729975006e-07,-7.562180411802514e-09
27.60962502527861,-0.0001843318103649651,-0.6832253770358808,0.10800147422880821,2.333424218069773,724.4995050091688,1.692630359857114e-07,-7.119754778100952e-09
27.65962502527861,-0.0001843233488731915,-0.6832253761184575,0.10800147387080421,2.333424207194948,724.7328474298884,1.692630359857114e-07,-7.119754778100952e-09
27.709625025278612,-0.00018431493503188144,-0.6832253752062005,0.10800147351481647,2.3334241963813587,724.9661898495265,1.593611386264012e-07,-6.703214773707888e-09
27.759625025278613,-0.0001843069685378636,-0.6832253743424465,0.10800147317775743,2.333424186142749,725.1995322681407,1.593611386264012e-07,-6.703214773707888e-09
27.809625025278613,-0.00018429904690675443,-0.6832253734835566,0.1080014728425967,2.333424175961793,725.4328746857369,1.5003850283050014e-07,-6.311045734252662e-09
27.859625025278614,-0.00018429154645309529,-0.6832253726703322,0.10800147252525719,2.333424166322177,725.6662171023692,1.5003850283050014e-07,-6.311045734252662e-09
27.909625025278615,-0.00018428408823786214,-0.6832253718616874,0.1080014722097049,2.3334241567368412,725.8995595180428,1.4126124176360937e-07,-5.941821621831775e-09
27.959625025278616,-0.00018427702656117405,-0.6832253710960366,0.10800147191093115,2.333424147661174,726.1329019328089,1.4126124176360937e-07,-5.941821621831775e-09
28.009625025278616,-0.00018427000465196162,-0.6832253703346977,0.10800147161384006,2.3334241386366115,726.3662443466725,1.3299745097303373e-07,-5.594199864341697e-09
28.059625025278617,-0.00018426335608376663,-0.6832253696138375,0.10800147133254585,2.3334241300918985,726.5995867596816,1.3299745097303373e-07,-5.594199864341697e-09
28.109625025278618,-0.0001842567449566477,-0.6832253688970369,0.10800147105283586,2.3334241215953018,726.8329291718412,1.252170924183597e-07,-5.266916450546095e-09
28.15962502527862,-0.00018425048533007532,-0.6832253682183471,0.10800147078799852,2.33342411355048,727.0662715831962,1.252170924183597e-07,-5.266916450546095e-09
28.20962502527862,-0.0001842442609542739,-0.6832253675434794,0.1080014705246527,2.33342410555096,727.2996139937513,1.178918852862169e-07,-4.958781334005556e-09
28.25962502527862,-0.00018423836751621685,-0.6832253669044931,0.10800147027530937,2.333424097976783,727.5329564035491,1.178918852862169e-07,-4.958781334005556e-09
28.30962502527862,-0.00018423250726675868,-0.6832253662691051,0.1080014700273703,2.3334240904452574,727.7662988125936,1.1099520319241634e-07,-4.668674134110308e-09
28.35962502527862,-0.00018422695859516782,-0.6832253656674995,0.10800146979261449,2.3334240833141906,727.999641220925,1.1099520319241634e-07,-4.668674134110308e-09
28.409625025278622,-0.0001842214411706409,-0.6832253650692818,0.10800146955918079,2.33342407622328,728.2329836285473,1.0450197739775439e-07,-4.395540021869705e-09
28.459625025278623,-0.0001842162170966582,-0.6832253645028701,0.10800146933815903,2.333424069509399,728.4663260354982,1.0450197739775439e-07,-4.395540021869705e-09
28.509625025278623,-0.0001842110224417844,-0.6832253639396482,0.10800146911838203,2.333424062833325,728.6996684417816,9.838860568565683e-08,-4.138385891045196e-09
28.559625025278624,-0.00018420610397643108,-0.6832253634063716,0.1080014689102908,2.3334240565122233,728.9330108474328,9.838860568565683e-08,-4.138385891045196e-09
28.609625025278625,-0.0001842012132091671,-0.6832253628760983,0.1080014687033715,2.333424050226717,729.1663532524555,9.263286657057423e-08,-3.89627670095663e-09
28.659625025278626,-0.00018419658247432083,-0.6832253623740184,0.1080014685074543,2.333424044275415,729.399695656883,9.263286657057423e-08,-3.89627670095663e-09
28.709625025278626,-0.00018419197781722408,-0.683225361874766,0.10800146831264047,2.3334240383576255,729.6330380607187,8.721383852510645e-08,-3.6683322845137183e-09
28.759625025278627,-0.00018418761798063362,-0.6832253614020579,0.10800146812818505,2.333424032754488,729.8663804639941,8.721383852510645e-08,-3.6683322845137183e-09
28.809625025278628,-0.00018418328269624286,-0.6832253609320118,0.10800146794476843,2.3334240271829034,730.0997228667125,8.211182393242601e-08,-3.4537237903940962e-09
28.85962502527863,-0.00018417917791034469,-0.6832253604869571,0.10800146777110421,2.333424021907562,730.3330652689032,8.211182393242601e-08,-3.4537237903940962e-09
28.90962502527863,-0.0001841750962403411,-0.6832253600444088,0.10800146759841803,2.333424016661927,730.5664076705693,7.730827748735897e-08,-3.251670990784108e-09
28.95962502527863,-0.00018417123158465503,-0.6832253596253899,0.10800146743491366,2.3334240116952043,730.7997500717388,7.730827748735897e-08,-3.251670990784108e-09
29.00962502527863,-0.00018416738869258238,-0.6832253592087306,0.10800146727233012,2.3334240067564505,731.0330924724144,7.278573878616097e-08,-3.0614392387326903e-09
29.05962502527863,-0.00018416375011947716,-0.6832253588142243,0.10800146711839122,2.333424002080291,731.2664348726224,7.278573878616097e-08,-3.0614392387326903e-09
29.109625025278632,-0.00018416013203681274,-0.6832253584219397,0.10800146696531926,2.3334239974304642,731.4997772723655,6.852776885968889e-08,-2.882336932098992e-09
29.159625025278633,-0.0001841567063204444,-0.683225358050512,0.1080014668203862,2.333423993027869,731.7331196716683,6.852776885968889e-08,-2.882336932098992e-09
29.209625025278633,-0.00018415329989582489,-0.683225357681176,0.10800146667626935,2.333423988650066,731.9664620705333,6.451889041944605e-08,-2.713712903609707e-09
29.259625025278634,-0.00018415007458406205,-0.6832253573314768,0.10800146653981524,2.333423984505031,732.1998044689839,6.451889041944605e-08,-2.713712903609707e-09
29.309625025278635,-0.00018414686743547964,-0.683225356983747,0.1080014664041296,2.333423980383338,732.4331468670222,6.074453159921846e-08,-2.5549540975838214e-09
29.359625025278635,-0.00018414383080464134,-0.6832253566545052,0.10800146627565838,2.3334239764807942,732.6664892646703,6.074453159921846e-08,-2.5549540975838214e-09
29.409625025278636,-0.00018414081127443636,-0.6832253563271177,0.10800146614791067,2.3334239726002277,732.8998316619303,5.7190972987726824e-08,-2.4054833251579544e-09
29.459625025278637,-0.00018413795228667764,-0.6832253560171366,0.10800146602695533,2.33342396892599,733.1331740588229,5.7190972987726824e-08,-2.4054833251579544e-09
29.509625025278638,-0.00018413510939916422,-0.6832253557089012,0.10800146590668117,2.333423965272443,733.3665164553502,5.384529776007344e-08,-2.264757167666016e-09
29.55962502527864,-0.00018413241766235467,-0.6832253554170541,0.10800146579280198,2.3334239618131547,733.5998588515315,5.384529776007344e-08,-2.264757167666016e-09
29.60962502527864,-0.00018412974108392513,-0.6832253551268505,0.10800146567956412,2.3334239583733454,733.8332012473688,5.069534472636151e-08,-2.1322640297618983e-09
29.65962502527864,-0.0001841272068138746,-0.6832253548520764,0.1080014655723471,2.33342395511643,734.0665436428804,5.069534472636151e-08,-2.1322640297618983e-09
29.70962502527864,-0.00018412468681543794,-0.6832253545788497,0.1080014654657339,2.333423951877856,734.2998860380683,4.7729664126976635e-08,-2.0075221872464623e-09
29.75962502527864,-0.0001841223008003319,-0.68322535432015,0.1080014653647893,2.3334239488114754,734.5332284329494,4.7729664126976635e-08,-2.0075221872464623e-09
29.809625025278642,-0.00018411992822194956,-0.6832253540629071,0.10800146526441319,2.333423945762363,734.7665708275256,4.4937476013919974e-08,-1.890078165313581e-09
29.859625025278643,-0.00018411768178886522,-0.6832253538193412,0.10800146516937406,2.33342394287537,734.9999132218131,4.4937476013919974e-08,-1.890078165313581e-09
29.909625025278643,-0.00018411544800645547,-0.6832253535771471,0.10800146507487016,2.333423940004635,735.2332556158136,4.2308631066738126e-08,-1.779505029822465e-09
29.959625025278644,-0.00018411333298983651,-0.6832253533478299,0.108001464985391,2.333423937286535,735.4665980095423,4.2308631066738126e-08,-1.779505029822465e-09
30,-0.00018411163473279707,-0.6832253531636991,0.10800146491354352,2.3334239351040313,735.6999404030527,4.2308631066738126e-08,-1.779505029822465e-09
